n. ID;Move.Level;;;;;;;;;;;;;;;;;;;;;;;
1;Tackle#1;Growl#3;Leech Seed#7;Vine Whip#9;Poison Powder#13;Sleep powder#13;Take Down#15;Razor Leaf#19;Sweet scent#21;Growth#25;Double-Edge#27;Worry Seed#31;Synthesis#33;Seed Bomb#37;;;;;;;;;;
2;Tackle#1;Growl#1;Leech Seed#1;Growl#3;Leech Seed#7;Vine Whip#9;Poison Powder#13;Sleep powder#13;Take Down#15;Razor Leaf#20;Sweet scent#23;Growth#28;Double-Edge#31;Worry Seed#36;Synthesis#39;Solar Beam#44;;;;;;;;
3;Tackle#1;Growl#1;Leech Seed#1;Vine Whip#1;Growl#3;Leech Seed#7;Vine Whip#9;Poison Powder#13;Sleep powder#13;Take Down#15;Razor Leaf#20;Sweet scent#23;Growth#28;Double-Edge#31;Petal Dance#32;Worry Seed#39;Synthesis#45;Petal Blizzard#50;Solar Beam#53;;;;;
4;Scratch#1;Growl#1;Ember#7;Smokescreen#10;Dragon Rage#16;Scary Face#19;Fire Fang#25;Flame Burst#28;Slash#34;Flamethrower#37;Fire Spin#43;Inferno#46;;;;;;;;;;;;
5;Scratch#1;Growl#1;Ember#1;Ember#7;Smokescreen#10;Dragon Rage#17;Scary Face#21;Fire Fang#28;Flame Burst#32;Slash#39;Flamethrower#43;Fire Spin#50;Inferno#54;;;;;;;;;;;
6;Flare Blitz#1;Heat Wave#1;Dragon Claw#1;Shadow Claw#1;Air Slash#1;Scratch#1;Growl#1;Ember#1;Smokescreen#1;Ember#7;Smokescreen#10;Dragon Rage#17;Scary Face#21;Fire Fang#28;Flame Burst#32;Wing Attack#36;Slash#41;Flamethrower#47;Fire Spin#56;Inferno#62;Heat Wave#71;Flare Blitz#77;;
7;Tackle#1;Tail Whip#4;Water Gun#7;Withdraw#10;Bubble#13;Bite#16;Rapid Spin#19;Protect#22;Water Pulse#25;Aqua Tail#28;Skull Bash#31;Iron Defense#34;Rain Dance#37;Hydro Pump#40;;;;;;;;;;
8;Tackle#1;Tail Whip#1;Water Gun#1;Tail Whip#4;Water Gun#7;Withdraw#10;Bubble#13;Bite#16;Rapid Spin#20;Protect#24;Water Pulse#28;Aqua Tail#32;Skull Bash#36;Iron Defense#40;Rain Dance#44;Hydro Pump#48;;;;;;;;
9;Tackle#1;Tail Whip#1;Water Gun#1;Withdraw#1;Tail Whip#4;Water Gun#7;Withdraw#10;Bubble#13;Bite#16;Rapid Spin#20;Protect#24;Water Pulse#28;Aqua Tail#32;Skull Bash#39;Iron Defense#46;Rain Dance#53;Hydro Pump#60;;;;;;;
10;String Shot#1;Tackle#1;Bug Bite#15;;;;;;;;;;;;;;;;;;;;;
11;Harden#1;Harden#7;;;;;;;;;;;;;;;;;;;;;;
12;Confusion#1;Confusion#10;Poison Powder#12;Sleep Powder#12;Stun Spore#12;Gust#16;Supersonic#18;Whirlwind#22;Psybeam#24;Silver Wind#28;Tailwind#30;Rage Powder#34;Safeguard#36;Captivate#40;Bug Buzz#42;Quiver Dance#46;;;;;;;;
13;Poison Sting#1;String Shot#1;Bug Bite#15;;;;;;;;;;;;;;;;;;;;;
14;Harden#1;Harden#7;;;;;;;;;;;;;;;;;;;;;;
15;Fury Attack#1;Fury Attack#10;Focus Energy#13;Twineedle#16;Rage#19;Pursuit#22;Toxic Spikes#25;Pin Missile#28;Agility#31;Assurance#34;Poison Jab#37;Endeavor#40;Fell Stinger#45;;;;;;;;;;;
16;Tackle#1;Sand Attack#5;Gust#9;Quick Attack#13;Whirlwind#17;Twister#21;Feather Dance#25;Agility#29;Wing Attack#33;Roost#37;Tailwind#41;Mirror Move#45;Air Slash#49;Hurricane#53;;;;;;;;;;
17;Gust#1;Sand Attack#1;Tackle#1;Sand Attack#5;Gust#9;Quick Attack#13;Whirlwind#17;Twister#22;Feather Dance#27;Agility#32;Wing Attack#37;Roost#42;Tailwind#47;Mirror Move#52;Air Slash#57;Hurricane#62;;;;;;;;
18;Gust#1;Hurricane#1;Quick Attack#1;Sand Attack#1;Tackle#1;Sand Attack#5;Gust#9;Quick Attack#13;Whirlwind#17;Twister#22;Feather Dance#27;Agility#32;Wing Attack#38;Roost#44;Tailwind#50;Mirror Move#56;Air Slash#62;Hurricane#68;;;;;;
19;Tackle#1;Tail Whip#1;Quick Attack#4;Focus Energy#7;Bite#10;Pursuit#13;Hyper Fang#16;Sucker Punch#19;Crunch#22;Assurance#25;Super Fang#28;Double-Edge#31;Endeavor#34;;;;;;;;;;;
20;Focus Energy#1;Quick Attack#1;Swords Dance#1;Tackle#1;Tail Whip#1;Quick Attack#4;Focus Energy#7;Bite#10;Pursuit#13;Hyper Fang#16;Sucker Punch#19;Scary Face#20;Crunch#24;Assurance#29;Super Fang#34;Double-Edge#39;Endeavor#44;;;;;;;
21;Growl#1;Peck#1;Leer#5;Fury Attack#9;Pursuit#13;Aerial Ace#17;Mirror Move#21;Agility#25;Assurance#29;Roost#33;Drill Peck#37;;;;;;;;;;;;;
22;Drill Run#1;Fury Attack#1;Growl#1;Leer#1;Peck#1;Pluck#1;Leer#5;Fury Attack#9;Pursuit#13;Aerial Ace#17;Mirror Move#23;Agility#29;Assurance#35;Roost#41;Drill Peck#47;Drill Run#53;;;;;;;;
23;Leer#1;Wrap#1;Poison Sting#4;Bite#9;Glare#12;Screech#17;Acid#20;Spit Up#25;Stockpile#25;Swallow#25;Acid Spray#28;Mud Bomb#33;Gastro Acid#36;Belch#38;Haze#41;Coil#44;Gunk Shot#49;;;;;;;
24;Bite#1;Fire Fang#1;Ice Fang#1;Leer#1;Poison Sting#1;Thunder Fang#1;Wrap#1;Poison Sting#4;Bite#9;Glare#12;Screech#17;Acid#20;Crunch#22;Spit Up#27;Stockpile#27;Swallow#27;Acid Spray#32;Mud Bomb#39;Gastro Acid#44;Belch#48;Haze#51;Coil#56;Gunk Shot#63;
25;Tail Whip#1;Thunder Shock#1;Growl#5;Play Nice#7;Quick Attack#10;Electro Ball#13;Thunder Wave#18;Feint#21;Double Team#23;Spark#26;Nuzzle#29;Discharge#34;Slam#37;Thunderbolt#42;Agility#45;Wild Charge#50;Light Screen#53;Thunder#58;;;;;;
26;Quick Attack#1;Tail Whip#1;Thunder Shock#1;Thunderbolt#1;;;;;;;;;;;;;;;;;;;;
27;Defense Curl#1;Scratch#1;Sand Attack#3;Poison Sting#5;Rollout#7;Rapid Spin#9;Fury Cutter#11;Magnitude#14;Swift#17;Fury Swipes#20;Sand Tomb#23;Slash#26;Dig#30;Gyro Ball#34;Swords Dance#38;Sandstorm#42;Earthquake#46;;;;;;;
28;Defense Curl#1;Poison Sting#1;Sand Attack#1;Scratch#1;Sand Attack#3;Poison Sting#5;Rollout#7;Rapid Spin#9;Fury Cutter#11;Magnitude#14;Swift#17;Fury Swipes#20;Crush Claw#22;Sand Tomb#24;Slash#28;Dig#33;Gyro Ball#38;Swords Dance#43;Sandstorm#48;Earthquake#53;;;;
29;Growl#1;Scratch#1;Tail Whip#7;Double Kick#9;Poison Sting#13;Fury Swipes#19;Bite#21;Helping Hand#25;Toxic Spikes#31;Flatter#33;Crunch#37;Captivate#43;Poison Fang#45;;;;;;;;;;;
30;Growl#1;Scratch#1;Tail Whip#7;Double Kick#9;Poison Sting#13;Fury Swipes#20;Bite#23;Helping Hand#28;Toxic Spikes#35;Flatter#38;Crunch#43;Captivate#50;Poison Fang#58;;;;;;;;;;;
31;Double Kick#1;Poison Sting#1;Scratch#1;Superpower#1;Tail Whip#1;Chip Away#23;Body Slam#35;Earth Power#43;Superpower#58;;;;;;;;;;;;;;;
32;Leer#1;Peck#1;Focus Energy#7;Double Kick#9;Poison Sting#13;Fury Attack#19;Horn Attack#21;Helping Hand#25;Toxic Spikes#31;Flatter#33;Poison Jab#37;Captivate#43;Horn Drill#45;;;;;;;;;;;
33;Leer#1;Peck#1;Focus Energy#7;Double Kick#9;Poison Sting#13;Fury Attack#20;Horn Attack#23;Helping Hand#28;Toxic Spikes#35;Flatter#38;Poison Jab#43;Captivate#50;Horn Drill#58;;;;;;;;;;;
34;Double Kick#1;Focus Energy#1;Megahorn#1;Peck#1;Poison Sting#1;Chip Away#23;Thrash#35;Earth Power#43;Megahorn#58;;;;;;;;;;;;;;;
35;After You#1;Disarming Voice#1;Encore#1;Growl#1;Healing Wish#1;Pound#1;Sing#7;Double Slap#10;Defense Curl#13;Follow Me#16;Bestow#19;Wake-Up Slap#22;Minimize#25;Stored Power#28;Metronome#31;Cosmic Power#34;Lucky Chant#37;Body Slam#40;Moonlight#43;Moonblast#46;Gravity#49;Meteor Mash#50;Healing Wish#55;After You#58
36;Disarming Voice#1;Double Slap#1;Metronome#1;Minimize#1;Sing#1;;;;;;;;;;;;;;;;;;;
37;Ember#1;Tail Whip#4;Roar#7;Baby-Doll Eyes#9;Quick Attack#10;Confuse Ray#12;Fire Spin#15;Payback#18;Will-O-Wisp#20;Feint Attack#23;Hex#26;Flame Burst#28;Extrasensory#31;Safeguard#34;Flamethrower#36;Imprison#39;Fire Blast#42;Grudge#44;Captivate#47;Inferno#50;;;;
38;Confuse Ray#1;Flamethrower#1;Imprison#1;Nasty Plot#1;Quick Attack#1;Safeguard#1;;;;;;;;;;;;;;;;;;
39;Sing#1;Defense Curl#3;Pound#5;Play Nice#8;Disarming Voice#11;Disable#15;Double Slap#18;Rollout#21;Round#24;Wake-Up Slap#28;Rest#32;Body Slam#35;Mimic#37;Gyro Ball#40;Hyper Voice#44;Double-Edge#49;;;;;;;;
40;Defense Curl#1;Disable#1;Double-Edge#1;Double Slap#1;Play Rough#1;Sing#1;;;;;;;;;;;;;;;;;;
41;Leech Life#1;Supersonic#5;Astonish#7;Bite#11;Wing Attack#13;Confuse Ray#17;Air Cutter#19;Swift#23;Poison Fang#25;Mean Look#29;Acrobatics#31;Haze#35;Venoshock#37;Air Slash#41;Quick Guard#43;;;;;;;;;
42;Astonish#1;Bite#1;Leech Life#1;Screech#1;Supersonic#1;Supersonic#5;Astonish#7;Bite#11;Wing Attack#13;Confuse Ray#17;Air Cutter#19;Swift#24;Poison Fang#27;Mean Look#32;Acrobatics#35;Haze#40;Venoshock#43;Air Slash#48;Quick Guard#51;;;;;
43;Absorb#1;Sweet Scent#5;Acid#9;Poison Powder#13;Stun Spore#14;Sleep Powder#15;Mega Drain#19;Lucky Chant#23;Moonlight#27;Giga Drain#31;Toxic#35;Natural Gift#39;Moonblast#43;Grassy Terrain#47;Petal Dance#51;;;;;;;;;
44;Absorb#1;Acid#1;Sweet Scent#1;Sweet Scent#5;Acid#9;Poison Powder#13;Stun Spore#14;Sleep Powder#15;Mega Drain#19;Lucky Chant#24;Moonlight#29;Giga Drain#34;Toxic#39;Natural Gift#44;Petal Blizzard#49;Grassy Terrain#54;Petal Dance#59;;;;;;;
45;Aromatherapy#1;Mega Drain#1;Poison Powder#1;Stun Spore#1;Petal Blizzard#49;Petal Dance#59;Solar Beam#64;;;;;;;;;;;;;;;;;
46;Scratch#1;Poison Powder#6;Stun Spore#6;Leech Life#11;Fury Cutter#17;Spore#22;Slash#27;Growth#33;Giga Drain#38;Aromatherapy#43;Rage Powder#49;X-Scissor#54;;;;;;;;;;;;
47;Cross Poison#1;Leech Life#1;Poison Powder#1;Scratch#1;Stun Spore#1;Poison Powder#6;Stun Spore#6;Leech Life#11;Fury Cutter#17;Spore#22;Slash#29;Growth#37;Giga Drain#44;Aromatherapy#51;Rage Powder#59;X-Scissor#66;;;;;;;;
48;Disable#1;Foresight#1;Tackle#1;Supersonic#5;Confusion#11;Poison Powder#13;Leech Life#17;Stun Spore#23;Psybeam#25;Sleep Powder#29;Signal Beam#35;Zen Headbutt#37;Poison Fang#41;Psychic#47;;;;;;;;;;
49;Bug Buzz#1;Disable#1;Foresight#1;Quiver Dance#1;Silver Wind#1;Supersonic#1;Tackle#1;Supersonic#5;Confusion#11;Poison Powder#13;Leech Life#17;Stun Spore#23;Psybeam#25;Sleep Powder#29;Gust#31;Signal Beam#37;Zen Headbutt#41;Poison Fang#47;Psychic#55;Bug Buzz#59;Quiver Dance#63;;;
50;Sand Attack#1;Scratch#1;Growl#4;Astonish#7;Mud-Slap#12;Magnitude#15;Bulldoze#18;Sucker Punch#23;Mud Bomb#26;Earth Power#29;Dig#34;Slash#37;Earthquake#40;Fissure#45;;;;;;;;;;
51;Growl#1;Night Slash#1;Rototiller#1;Sand Attack#1;Scratch#1;Tri Attack#1;Growl#4;Astonish#7;Mud-Slap#12;Magnitude#15;Bulldoze#18;Sucker Punch#23;Sand Tomb#26;Mud Bomb#28;Earth Power#33;Dig#40;Slash#45;Earthquake#50;Fissure#57;;;;;
52;Growl#1;Scratch#1;Bite#6;Fake Out#9;Fury Swipes#14;Screech#17;Feint Attack#22;Taunt#25;Pay Day#30;Slash#33;Nasty Plot#38;Assurance#41;Captivate#46;Night Slash#49;Feint#50;;;;;;;;;
53;Bite#1;Fake Out#1;Growl#1;Play Rough#1;Scratch#1;Switcheroo#1;Bite#6;Fake Out#9;Fury Swipes#14;Screech#17;Feint Attack#22;Taunt#25;Swift#28;Power Gem#32;Slash#37;Nasty Plot#44;Assurance#49;Captivate#56;Night Slash#61;Feint#65;;;;
54;Scratch#1;Water Sport#1;Tail Whip#4;Water Gun#8;Confusion#11;Fury Swipes#15;Water Pulse#18;Disable#22;Screech#25;Aqua Tail#29;Zen Headbutt#32;Soak#36;Psych Up#39;Amnesia#43;Hydro Pump#46;Wonder Room#50;;;;;;;;
55;Aqua Jet#1;Scratch#1;Tail Whip#1;Water Gun#1;Water Sport#1;Tail Whip#4;Water Gun#8;Confusion#11;Fury Swipes#15;Water Pulse#18;Disable#22;Zen Headbutt#25;Screech#29;Aqua Tail#32;Soak#38;Psych Up#43;Amnesia#49;Hydro Pump#54;Wonder Room#60;;;;;
56;Covet#1;Focus Energy#1;Leer#1;Low Kick#1;Scratch#1;Fury Swipes#9;Karate Chop#13;Seismic Toss#17;Screech#21;Assurance#25;Swagger#33;Cross Chop#37;Thrash#41;Punishment#45;Close Combat#49;Final Gambit#53;;;;;;;;
57;Final Gambit#1;Fling#1;Focus Energy#1;Leer#1;Low Kick#1;Scratch#1;Fury Swipes#9;Karate Chop#13;Seismic Toss#17;Screech#21;Assurance#25;Rage#28;Swagger#35;Cross Chop#41;Thrash#47;Punishment#53;Close Combat#59;Final Gambit#63;;;;;;
58;Bite#1;Roar#1;Ember#6;Leer#8;Odor Sleuth#10;Helping Hand#12;Flame Wheel#17;Reversal#19;Fire Fang#21;Take Down#23;Flame Burst#28;Agility#30;Retaliate#32;Flamethrower#34;Crunch#39;Heat Wave#41;Outrage#43;Flare Blitz#45;;;;;;
59;Bite#1;Fire Fang#1;Odor Sleuth#1;Roar#1;Thunder Fang#1;Extreme Speed#34;;;;;;;;;;;;;;;;;;
60;Water Sport#1;Water Gun#5;Hypnosis#8;Bubble#11;Double Slap#15;Rain Dance#18;Body Slam#21;Bubble Beam#25;Mud Shot#28;Belly Drum#31;Wake-Up Slap#35;Hydro Pump#38;Mud Bomb#41;;;;;;;;;;;
61;Hypnosis#1;Water Gun#1;Water Sport#1;Water Gun#5;Hypnosis#8;Bubble#11;Double Slap#15;Rain Dance#18;Body Slam#21;Bubble Beam#27;Mud Shot#32;Belly Drum#37;Wake-Up Slap#43;Hydro Pump#48;Mud Bomb#53;;;;;;;;;
62;Bubble Beam#1;Circle Throw#1;Double Slap#1;Hypnosis#1;Submission#1;Dynamic Punch#32;Mind Reader#43;Circle Throw#53;;;;;;;;;;;;;;;;
63;Teleport#1;;;;;;;;;;;;;;;;;;;;;;;
64;Confusion#1;Kinesis#1;Teleport#1;Confusion#16;Disable#18;Psybeam#21;Miracle Eye#23;Reflect#26;Psycho Cut#28;Recover#31;Telekinesis#33;Ally Switch#36;Psychic#38;Role Play#41;Future Sight#43;Trick#46;;;;;;;;
65;Confusion#1;Kinesis#1;Teleport#1;Confusion#16;Disable#18;Psybeam#21;Miracle Eye#23;Reflect#26;Psycho Cut#28;Recover#31;Telekinesis#33;Ally Switch#36;Psychic#38;Role Play#41;Future Sight#43;Trick#46;;;;;;;;
66;Leer#1;Low Kick#1;Focus Energy#3;Karate Chop#7;Foresight#9;Low Sweep#13;Seismic Toss#15;Revenge#19;Knock Off#21;Vital Throw#25;Wake-Up Slap#27;Dual Chop#31;Submission#33;Bulk Up#37;Cross Chop#39;Scary Face#43;Dynamic Punch#45;;;;;;;
67;Focus Energy#1;Karate Chop#1;Leer#1;Low Kick#1;Focus Energy#3;Karate Chop#7;Foresight#9;Low Sweep#13;Seismic Toss#15;Revenge#19;Knock Off#21;Vital Throw#25;Wake-Up Slap#27;Dual Chop#33;Submission#37;Bulk Up#43;Cross Chop#47;Scary Face#53;Dynamic Punch#57;;;;;
68;Focus Energy#1;Karate Chop#1;Leer#1;Low Kick#1;Wide Guard#1;Focus Energy#3;Karate Chop#7;Foresight#9;Low Sweep#13;Seismic Toss#15;Revenge#19;Knock Off#21;Vital Throw#25;Wake-Up Slap#27;Dual Chop#33;Submission#37;Bulk Up#43;Cross Chop#47;Scary Face#53;Dynamic Punch#57;;;;
69;Vine Whip#1;Growth#7;Wrap#11;Sleep Powder#13;Poison Powder#15;Stun Spore#17;Acid#23;Knock Off#27;Sweet Scent#29;Gastro Acid#35;Razor Leaf#39;Slam#41;Wring Out#47;;;;;;;;;;;
70;Growth#1;Vine Whip#1;Wrap#1;Growth#7;Wrap#11;Sleep Powder#13;Poison Powder#15;Stun Spore#17;Acid#23;Knock Off#27;Sweet Scent#29;Gastro Acid#35;Razor Leaf#39;Slam#41;Wring Out#47;;;;;;;;;
71;Razor Leaf#1;Sleep Powder#1;Spit Up#1;Stockpile#1;Swallow#1;Sweet Scent#1;Vine Whip#1;Leaf Tornado#27;Leaf Blade#47;Leaf Storm#47;;;;;;;;;;;;;;
72;Poison Sting#1;Supersonic#4;Constrict#7;Acid#10;Toxic Spikes#13;Water Pulse#16;Wrap#19;Acid Spray#22;Bubble Beam#25;Barrier#28;Poison Jab#31;Brine#34;Screech#37;Hex#40;Sludge Wave#43;Hydro Pump#46;Wring Out#49;;;;;;;
73;Acid#1;Constrict#1;Poison Sting#1;Reflect Type#1;Supersonic#1;Wring Out#1;Supersonic#4;Constrict#7;Acid#10;Toxic Spikes#13;Water Pulse#16;Wrap#19;Acid Spray#22;Bubble Beam#25;Barrier#28;Poison Jab#32;Brine#36;Screech#40;Hex#44;Sludge Wave#48;Hydro Pump#52;Wring Out#56;;
74;Defense Curl#1;Tackle#1;Mud Sport#4;Rock Polish#6;Rollout#10;Magnitude#12;Rock Throw#16;Smack Down#18;Bulldoze#22;Self-Destruct#24;Stealth Rock#28;Rock Blast#30;Earthquake#34;Explosion#36;Double-Edge#40;Stone Edge#42;;;;;;;;
75;Defense Curl#1;Mud Sport#1;Rock Polish#1;Tackle#1;Mud Sport#4;Rock Polish#6;Rollout#10;Magnitude#12;Rock Throw#16;Smack Down#18;Bulldoze#22;Self-Destruct#24;Stealth Rock#30;Rock Blast#34;Earthquake#40;Explosion#44;Double-Edge#50;Stone Edge#54;;;;;;
76;Defense Curl#1;Heavy Slam#1;Mud Sport#1;Rock Polish#1;Tackle#1;Mud Sport#4;Rock Polish#6;Steamroller#10;Magnitude#12;Rock Throw#16;Smack Down#18;Bulldoze#22;Self-Destruct#24;Stealth Rock#30;Rock Blast#34;Earthquake#40;Explosion#44;Double-Edge#50;Stone Edge#54;Heavy Slam#60;;;;
77;Growl#1;Tackle#1;Tail Whip#4;Ember#9;Flame Wheel#13;Stomp#17;Flame Charge#21;Fire Spin#25;Take Down#29;Inferno#33;Agility#37;Fire Blast#41;Bounce#45;Flare Blitz#49;;;;;;;;;;
78;Ember#1;Growl#1;Megahorn#1;Poison Jab#1;Quick Attack#1;Tail Whip#1;Tail Whip#4;Ember#9;Flame Wheel#13;Stomp#17;Flame Charge#21;Fire Spin#25;Take Down#29;Inferno#33;Agility#37;Fury Attack#40;Fire Blast#41;Bounce#45;Flare Blitz#49;;;;;
79;Curse#1;Tackle#1;Yawn#1;Growl#5;Water Gun#9;Confusion#14;Disable#19;Headbutt#23;Water Pulse#28;Zen Headbutt#32;Slack Off#36;Amnesia#41;Psychic#45;Rain Dance#49;Psych Up#54;Heal Pulse#58;;;;;;;;
80;Curse#1;Growl#1;Heal Pulse#1;Tackle#1;Yawn#1;Growl#5;Water Gun#9;Confusion#14;Disable#19;Headbutt#23;Water Pulse#28;Zen Headbutt#32;Slack Off#36;Withdraw#37;Amnesia#43;Psychic#49;Rain Dance#55;Psych Up#62;Heal Pulse#68;;;;;
81;Tackle#1;Supersonic#5;Thunder Shock#7;Sonic Boom#11;Thunder Wave#13;Magnet Bomb#17;Spark#19;Mirror Shot#23;Metal Sound#25;Electro Ball#29;Flash Cannon#31;Screech#35;Discharge#37;Lock-On#41;Magnet Rise#43;Gyro Ball#47;Zap Cannon#49;;;;;;;
82;Electric Terrain#1;Sonic Boom#1;Supersonic#1;Tackle#1;Thunder Shock#1;Zap Cannon#1;Supersonic#5;Thunder Shock#7;Sonic Boom#11;Thunder Wave#13;Magnet Bomb#17;Spark#19;Mirror Shot#23;Metal Sound#25;Electro Ball#29;Tri Attack#30;Flash Cannon#33;Screech#39;Discharge#43;Lock-On#49;Magnet Rise#53;Gyro Ball#59;Zap Cannon#63;
83;Brave Bird#1;Fury Cutter#1;Leer#1;Peck#1;Poison Jab#1;Sand Attack#1;Fury Attack#7;Aerial Ace#9;Knock Off#13;Slash#19;Air Cutter#21;Swords Dance#25;Agility#31;Night Slash#33;Acrobatics#37;Feint#43;False Swipe#45;Air Slash#49;Brave Bird#55;;;;;
84;Growl#1;Peck#1;Quick Attack#5;Rage#9;Fury Attack#13;Pursuit#17;Pluck#21;Double Hit#25;Acupressure#29;Agility#33;Drill Peck#37;Uproar#41;Endeavor#45;Thrash#49;;;;;;;;;;
85;Growl#1;Peck#1;Quick Attack#1;Rage#1;Quick Attack#5;Rage#9;Fury Attack#13;Pursuit#17;Pluck#21;Tri Attack#25;Acupressure#29;Agility#35;Drill Peck#41;Uproar#47;Endeavor#53;Thrash#59;;;;;;;;
86;Headbutt#1;Growl#3;Water Sport#7;Icy Wind#11;Encore#13;Ice Shard#17;Rest#21;Aqua Ring#23;Aurora Beam#27;Aqua Jet#31;Brine#33;Take Down#37;Dive#41;Aqua Tail#43;Ice Beam#47;Safeguard#51;Hail#53;;;;;;;
87;Growl#1;Headbutt#1;Icy Wind#1;Signal Beam#1;Growl#3;Signal Beam#7;Icy Wind#11;Encore#13;Ice Shard#17;Rest#21;Aqua Ring#23;Aurora Beam#27;Aqua Jet#31;Brine#33;Sheer Cold#34;Take Down#39;Dive#45;Aqua Tail#49;Ice Beam#55;Safeguard#61;Hail#65;;;
88;Poison Gas#1;Pound#1;Harden#4;Mud-Slap#7;Disable#12;Sludge#15;Mud Bomb#18;Minimize#21;Fling#26;Sludge Bomb#29;Sludge Wave#32;Screech#37;Gunk Shot#40;Acid Armor#43;Belch#46;Memento#48;;;;;;;;
89;Harden#1;Mud-Slap#1;Poison Gas#1;Pound#1;Harden#4;Mud-Slap#7;Disable#12;Sludge#15;Mud Bomb#18;Minimize#21;Fling#26;Sludge Bomb#29;Sludge Wave#32;Screech#37;Venom Drench#38;Gunk Shot#40;Acid Armor#46;Belch#52;Memento#57;;;;;
90;Tackle#1;Withdraw#4;Supersonic#8;Icicle Spear#13;Protect#16;Leer#20;Clamp#25;Ice Shard#28;Razor Shell#32;Aurora Beam#37;Whirlpool#40;Brine#44;Iron Defense#49;Ice Beam#52;Shell Smash#56;Hydro Pump#61;;;;;;;;
91;Aurora Beam#1;Hydro Pump#1;Protect#1;Shell Smash#1;Supersonic#1;Toxic Spikes#1;Withdraw#1;Spike Cannon#13;Spikes#28;Icicle Crash#50;;;;;;;;;;;;;;
92;Hypnosis#1;Lick#1;Spite#5;Mean Look#8;Curse#12;Night Shade#15;Confuse Ray#19;Sucker Punch#22;Payback#26;Shadow Ball#29;Dream Eater#33;Dark Pulse#36;Destiny Bond#40;Hex#43;Nightmare#47;;;;;;;;;
93;Hypnosis#1;Lick#1;Spite#1;Spite#5;Mean Look#8;Curse#12;Night Shade#15;Confuse Ray#19;Sucker Punch#22;Shadow Punch#25;Payback#28;Shadow Ball#33;Dream Eater#39;Dark Pulse#44;Destiny Bond#50;Hex#55;Nightmare#61;;;;;;;
94;Hypnosis#1;Lick#1;Spite#1;Spite#5;Mean Look#8;Curse#12;Night Shade#15;Confuse Ray#19;Sucker Punch#22;Shadow Punch#25;Payback#28;Shadow Ball#33;Dream Eater#39;Dark Pulse#44;Destiny Bond#50;Hex#55;Nightmare#61;;;;;;;
95;Bind#1;Harden#1;Mud Sport#1;Tackle#1;Curse#4;Rock Throw#7;Rock Tomb#10;Rage#13;Stealth Rock#16;Rock Polish#19;Gyro Ball#20;Smack Down#22;Dragon Breath#25;Slam#28;Screech#31;Rock Slide#34;Sand Tomb#37;Iron Tail#40;Dig#43;Stone Edge#46;Double-Edge#49;Sandstorm#52;;
96;Hypnosis#1;Pound#1;Disable#5;Confusion#9;Headbutt#13;Poison Gas#17;Meditate#21;Psybeam#25;Headbutt#29;Psych Up#33;Synchronoise#37;Zen Headbutt#41;Swagger#45;Psychic#49;Nasty Plot#53;Psyshock#57;Future Sight#61;;;;;;;
97;Confusion#1;Disable#1;Future Sight#1;Hypnosis#1;Nasty Plot#1;Nightmare#1;Pound#1;Switcheroo#1;Disable#5;Confusion#9;Headbutt#13;Poison Gas#17;Meditate#21;Psybeam#25;Headbutt#29;Psych Up#33;Synchronoise#37;Zen Headbutt#41;Swagger#45;Psychic#49;Nasty Plot#53;Psyshock#57;Future Sight#61;
98;Bubble#1;Mud Sport#1;Vice Grip#5;Leer#9;Harden#11;Bubble Beam#15;Mud Shot#19;Metal Claw#21;Stomp#25;Protect#29;Guillotine#31;Slam#35;Brine#39;Crabhammer#41;Flail#45;;;;;;;;;
99;Bubble#1;Leer#1;Mud Sport#1;Vice Grip#1;Wide Guard#1;Vice Grip#5;Leer#9;Harden#11;Bubble Beam#15;Mud Shot#19;Metal Claw#21;Stomp#25;Protect#32;Guillotine#37;Slam#44;Brine#51;Crabhammer#56;Flail#63;;;;;;
100;Charge#1;Tackle#1;Sonic Boom#4;Eerie Impulse#6;Spark#9;Rollout#11;Screech#13;Charge Beam#16;Swift#20;Electro Ball#22;Self-Destruct#26;Light Screen#29;Magnet Rise#34;Discharge#37;Explosion#41;Gyro Ball#46;Mirror Coat#48;;;;;;;
101;Charge#1;Magnetic Flux#1;Sonic Boom#1;Spark#1;Tackle#1;Sonic Boom#4;Eerie Impulse#6;Spark#9;Rollout#11;Screech#13;Charge Beam#16;Swift#20;Electro Ball#22;Self-Destruct#26;Light Screen#29;Magnet Rise#36;Discharge#41;Explosion#47;Gyro Ball#54;Mirror Coat#58;;;;
102;Barrage#1;Hypnosis#1;Uproar#1;Reflect#7;Leech Seed#11;Bullet Seed#17;Stun Spore#19;Poison Powder#21;Sleep Powder#23;Confusion#27;Worry Seed#33;Natural Gift#37;Solar Beam#43;Extrasensory#47;Bestow#50;;;;;;;;;
103;Barrage#1;Confusion#1;Hypnosis#1;Seed Bomb#1;Stomp#1;Psyshock#17;Egg Bomb#27;Wood Hammer#37;Leaf Storm#47;;;;;;;;;;;;;;;
104;Growl#1;Tail Whip#3;Bone Club#7;Headbutt#11;Leer#13;Focus Energy#17;Bonemerang#21;Rage#23;False Swipe#27;Thrash#31;Fling#33;Bone Rush#37;Endeavor#41;Double-Edge#43;Retaliate#47;;;;;;;;;
105;Bone Club#1;Growl#1;Headbutt#1;Tail Whip#1;Tail Whip#3;Bone Club#7;Headbutt#11;Leer#13;Focus Energy#17;Bonemerang#21;Rage#23;False Swipe#27;Thrash#33;Fling#37;Bone Rush#43;Endeavor#49;Double-Edge#53;Retaliate#59;;;;;;
106;Close Combat#1;Double Kick#1;Mega Kick#1;Revenge#1;Reversal#1;Meditate#5;Rolling Kick#9;Jump Kick#13;Brick Break#17;Focus Energy#21;Feint#25;High Jump Kick#29;Mind Reader#33;Foresight#37;Wide Guard#41;Blaze Kick#45;Endure#49;Mega Kick#53;Close Combat#57;Reversal#61
107;Close Combat#1;Comet Punch#1;Counter#1;Focus Punch#1;Revenge#1;Agility#6;Pursuit#11;Bullet Punch#16;Mach Punch#16;Feint#21;Vacuum Wave#26;Quick Guard#31;Fire Punch#36;Ice Punch#36;Thunder Punch#36;Sky Uppercut#41;Mega Punch#46;Detect#50;Focus Punch#56;Counter#61;Close Combat#6
108;Lick#1;Supersonic#5;Defense Curl#9;Knock Off#13;Wrap#17;Stomp#21;Disable#25;Slam#29;Rollout#33;Chip Away#37;Me First#41;Refresh#45;Screech#49;Power Whip#53;Wring Out#57
109;Poison Gas#1;Tackle#1;Smog#4;Smokescreen#7;Assurance#12;Clear Smog#15;Sludge#18;Self-Destruct#23;Haze#26;Gyro Ball#29;Sludge Bomb#34;Explosion#37;Destiny Bond#40;Belch#42;Memento#45
110;Poison Gas#1;Smog#1;Smokescreen#1;Tackle#1;Smog#4;Smokescreen#7;Assurance#12;Clear Smog#15;Sludge#18;Self-Destruct#23;Haze#26;Double Hit#29;Sludge Bomb#34;Explosion#40;Destiny Bond#46;Belch#51;Memento#5
111;Horn Attack#1;Tail Whip#1;Fury Attack#5;Scary Face#9;Smack Down#13;Stomp#17;Bulldoze#21;Chip Away#25;Rock Blast#29;Drill Run#33;Take Down#37;Stone Edge#41;Earthquake#45;Megahorn#49;Horn Drill#53
112;Fury Attack#1;Horn Attack#1;Horn Drill#1;Scary Face#1;Tail Whip#1;Fury Attack#5;Scary Face#9;Smack Down#13;Stomp#17;Bulldoze#21;Chip Away#25;Rock Blast#29;Drill Run#33;Take Down#37;Stone Edge#41;Hammer Arm#42;Earthquake#48;Megahorn#55;Horn Drill#62
113;Defense Curl#1;Double-Edge#1;Growl#1;Pound#1;Tail Whip#5;Refresh#9;Double Slap#12;Soft-Boiled#16;Bestow#20;Minimize#23;Take Down#27;Sing#31;Fling#34;Heal Pulse#38;Egg Bomb#42;Light Screen#46;Healing Wish#50;Double-Edge#54
114;Constrict#1;Ingrain#1;Sleep Powder#4;Vine Whip#7;Absorb#10;Poison Powder#14;Bind#17;Growth#20;Mega Drain#23;Knock Off#27;Stun Spore#30;Natural Gift#33;Giga Drain#36;Ancient Power#38;Slam#41;Tickle#44;Wring Out#46;Grassy Terrain#48;Power Whip#50
115;Comet Punch#1;Leer#1;Fake Out#7;Tail Whip#10;Bite#13;Double Hit#19;Rage#22;Mega Punch#25;Chip Away#31;Dizzy Punch#34;Crunch#37;Endure#43;Outrage#46;Sucker Punch#49;Reversal#50
116;Bubble#1;Smokescreen#5;Leer#9;Water Gun#13;Twister#17;Bubble Beam#21;Focus Energy#26;Brine#31;Agility#36;Dragon Pulse#41;Dragon Dance#46;Hydro Pump#52
117;Bubble#1;Hydro Pump#1;Leer#1;Smokescreen#1;Water Gun#1;Smokescreen#5;Leer#9;Water Gun#13;Twister#17;Bubble Beam#21;Focus Energy#26;Brine#31;Agility#38;Dragon Pulse#45;Dragon Dance#52;Hydro Pump#60
118;Peck#1;Tail Whip#1;Water Sport#1;Supersonic#5;Horn Attack#8;Flail#13;Water Pulse#16;Aqua Ring#21;Fury Attack#24;Agility#29;Waterfall#32;Horn Drill#37;Soak#40;Megahorn#45
119;Megahorn#1;Peck#1;Poison Jab#1;Supersonic#1;Tail Whip#1;Water Sport#1;Supersonic#5;Horn Attack#8;Flail#13;Water Pulse#16;Aqua Ring#21;Fury Attack#24;Agility#29;Waterfall#32;Horn Drill#40;Soak#46;Megahorn#54
120;Harden#1;Tackle#1;Water Gun#4;Rapid Spin#7;Recover#10;Psywave#13;Swift#16;Bubble Beam#18;Camouflage#22;Gyro Ball#24;Brine#28;Minimize#31;Reflect Type#35;Power Gem#37;Confuse Ray#40;Psychic#42;Light Screen#46;Cosmic Power#49;Hydro Pump#53
121;Hydro Pump#1;Rapid Spin#1;Recover#1;Swift#1;Water Gun#1;Confuse Ray#40
122;Barrier#1;Confusion#1;Guard Swap#1;Magical Leaf#1;Misty Terrain#1;Power Swap#1;Quick Guard#1;Wide Guard#1;Copycat#4;Meditate#8;Double Slap#11;Mimic#15;Psywave#15;Encore#18;Light Screen#22;Reflect#22;Psybeam#25;Substitute#29;Recycle#32;Trick#36;Psychic#39;Role Play#43;Baton Pass#46;Safeguard#50
123;Leer#1;Quick Attack#1;Vacuum Wave#1;Focus Energy#5;Pursuit#9;False Swipe#13;Agility#17;Wing Attack#21;Fury Cutter#25;Slash#29;Razor Wind#33;Double Team#37;X-Scissor#41;Night Slash#45;Double Hit#49;Air Slash#50;Swords Dance#57;Feint#61
124;Draining Kiss#1;Lick#1;Lovely Kiss#1;Perish Song#1;Pound#1;Powder Snow#1;Lick#5;Lovely Kiss#8;Powder Snow#11;Double Slap#15;Ice Punch#18;Heart Stamp#21;Mean Look#25;Fake Tears#28;Wake-Up Slap#33;Avalanche#39;Body Slam#44;Wring Out#49;Perish Song#55;Blizzard#60
125;Leer#1;Quick Attack#1;Thunder Shock#1;Thunder Shock#5;Low Kick#8;Swift#12;Shock Wave#15;Thunder Wave#19;Electro Ball#22;Light Screen#26;Thunder Punch#29;Discharge#36;Screech#42;Thunderbolt#49;Thunder#55
126;Ember#1;Leer#1;Smog#1;Ember#5;Smokescreen#8;Feint Attack#12;Fire Spin#15;Clear Smog#19;Flame Burst#22;Confuse Ray#26;Fire Punch#29;Lava Plume#36;Sunny Day#42;Flamethrower#49;Fire Blast#55
127;Focus Energy#1;Vice Grip#1;Bind#4;Seismic Toss#8;Harden#11;Revenge#15;Vital Throw#18;Double Hit#22;Brick Break#26;Submission#29;X-Scissor#33;Storm Throw#36;Swords Dance#40;Thrash#43;Superpower#47;Guillotine#50
128;Tackle#1;Tail Whip#3;Rage#5;Horn Attack#8;Scary Face#11;Pursuit#15;Rest#19;Payback#24;Work Up#29;Zen Headbutt#35;Take Down#41;Swagger#48;Thrash#50;Giga Impact#63
129;Splash#1;Tackle#15;Flail#30;;;;;;;;;;;;;;;;;;;;;
130;Thrash#1;Bite#20;Dragon Rage#23;Leer#26;Twister#29;Ice Fang#32;Aqua Tail#35;Rain Dance#38;Crunch#41;Hydro Pump#44;Dragon Dance#47;Hyper Beam#50;;;;;;;;;;;;
131;Growl#1;Sing#1;Water Gun#1;Mist#4;Confuse Ray#7;Ice Shard#10;Water Pulse#14;Body Slam#18;Rain Dance#22;Perish Song#27;Ice Beam#32;Brine#37;Safeguard#43;Hydro Pump#47;Sheer Cold#50
132;Transform#1;;;;;;;;;;;;;;;;;;;;;;;;
133;Growl#1;Helping Hand#1;Tackle#1;Tail Whip#1;Sand Attack#5;Baby-Doll Eyes#9;Swift#10;Quick Attack#13;Bite#17;Refresh#20;Covet#23;Take Down#25;Charm#29;Baton Pass#33;Double-Edge#37;Last Resort#41;Trump Card#45;;;;;;;;;;;;;;;;;;;;;;;
134;Helping Hand#1;Tackle#1;Tail Whip#1;Sand Attack#5;Water Gun#9;Quick Attack#13;Water Pulse#17;Aurora Beam#20;Aqua Ring#25;Acid Armor#29;Haze#33;Muddy Water#37;Last Resort#41;Hydro Pump#45;;;;;;;;;;;;;;;;;;;;;;;
135;Helping Hand#1;Tackle#1;Tail Whip#1;Sand Attack#5;Thunder Shock#9;Quick Attack#13;Double Kick#17;Thunder Fang#20;Pin Missile#25;Agility#29;Thunder Wave#33;Discharge#37;Last Resort#41;Thunder#45;;;;;;;;;;;;;;;;;;;;;;;
136;Helping Hand#1;Tackle#1;Tail Whip#1;Sand Attack#5;Ember#9;Quick Attack#13;Bite#17;Fire Fang#20;Fire Spin#25;Scary Face#29;Smog#33;Lava Plume#37;Last Resort#41;Flare Blitz#45;;;;;;;;;;;;;;;;;;;;;;;
137;Conversion#1;Conversion 2#1;Sharpen#1;Tackle#1;Psybeam#7;Agility#12;Recover#18;Magnet Rise#23;Signal Beam#29;Recycle#34;Discharge#40;Lock-On#45;Tri Attack#50;Magic Coat#56;Zap Cannon#62;;;;;;;;;;;;;;;;;;;;;;;
138;Constrict#1;Withdraw#1;Bite#7;Water Gun#10;Rollout#16;Leer#19;Mud Shot#25;Brine#28;Protect#34;Ancient Power#37;Tickle#43;Rock Blast#46;Shell Smash#50;Hydro Pump#55;;;;;;;;;;;;;;;;;;;;;;;
139;Bite#1;Constrict#1;Hydro Pump#1;Withdraw#1;Bite#7;Water Gun#10;Rollout#16;Leer#19;Mud Shot#25;Brine#28;Protect#34;Ancient Power#37;Spike Cannon#40;Tickle#48;Rock Blast#56;Shell Smash#67;Hydro Pump#75;;;;;;;;;;;;;;;;;;;;;;;
140;Bite#1;Constrict#1;Hydro Pump#1;Withdraw#1;Bite#7;Water Gun#10;Rollout#16;Leer#19;Mud Shot#25;Brine#28;Protect#34;Ancient Power#37;Spike Cannon#40;Tickle#48;Rock Blast#56;Shell Smash#67;Hydro Pump#75;;;;;;;;;;;;;;;;;;;;;;;
141;Absorb#1;Feint#1;Harden#1;Leer#1;Night Slash#1;Scratch#1;Absorb#6;Leer#11;Mud Shot#16;Sand Attack#21;Endure#26;Aqua Jet#31;Mega Drain#36;Slash#40;Metal Sound#45;Ancient Power#54;Wring Out#63;Night Slash#72;;;;;;;;;;;;;;;;;;;;;;;
142;Bite#1;Fire Fang#1;Ice Fang#1;Iron Head#1;Scary Face#1;Supersonic#1;Thunder Fang#1;Wing Attack#1;Roar#9;Agility#17;Ancient Power#25;Crunch#33;Take Down#41;Sky Drop#49;Iron Head#57;Hyper Beam#65;Rock Slide#73;Giga Impact#81;;;;;;;;;;;;;;;;;;;;;;;
143;Tackle#1;Defense Curl#4;Amnesia#9;Lick#12;Chip Away#17;Yawn#20;Body Slam#25;Rest#28;Snore#28;Sleep Talk#33;Rollout#36;Block#41;Belly Drum#44;Crunch#49;Heavy Slam#50;Giga Impact#57;;;;;;;;;;;;;;;;;;;;;;;
144;Freeze-Dry#1;Gust#1;Hurricane#1;Powder Snow#1;Roost#1;Sheer Cold#1;Tailwind#1;Mist#8;Ice Shard#15;Mind Reader#22;Ancient Power#29;Agility#36;Ice Beam#43;Reflect#50;Hail#57;Tailwind#64;Blizzard#71;Sheer Cold#78;Roost#85;Hurricane#92;;;;;;;;;;;;;;;;;;;;;;;
145;Drill Peck#1;Peck#1;Roost#1;Thunder Shock#1;Zap Cannon#1;Thunder Wave#8;Detect#15;Pluck#22;Ancient Power#29;Charge#36;Agility#43;Discharge#50;Rain Dance#57;Light Screen#64;Drill Peck#71;Thunder#78;Roost#85;Zap Cannon#92;;;;;;;;;;;;;;;;;;;;;;;
146;Ember#1;Heat Wave#1;Hurricane#1;Roost#1;Sky Attack#1;Wing Attack#1;Fire Spin#8;Agility#15;Endure#22;Ancient Power#29;Flamethrower#36;Safeguard#43;Air Slash#50;Sunny Day#57;Heat Wave#64;Solar Beam#71;Sky Attack#78;Roost#85;Hurricane#92;;;;;;;;;;;;;;;;;;;;;;;
147;Leer#1;Wrap#1;Thunder Wave#5;Twister#11;Dragon Rage#15;Slam#21;Agility#25;Dragon Tail#31;Aqua Tail#35;Dragon Rush#41;Safeguard#45;Dragon Dance#51;Outrage#55;Hyper Beam#61;;;;;;;;;;;;;;;;;;;;;;;
148;Leer#1;Thunder Wave#1;Twister#1;Wrap#1;Thunder Wave#5;Twister#11;Dragon Rage#15;Slam#21;Agility#25;Dragon Tail#33;Aqua Tail#39;Dragon Rush#47;Safeguard#53;Dragon Dance#61;Outrage#67;Hyper Beam#75;;;;;;;;;;;;;;;;;;;;;;;
149;Fire Punch#1;Hurricane#1;Leer#1;Roost#1;Thunder Punch#1;Thunder Wave#1;Twister#1;Wrap#1;Thunder Wave#5;Twister#11;Dragon Rage#15;Slam#21;Agility#25;Dragon Tail#33;Aqua Tail#39;Dragon Rush#47;Safeguard#53;Wing Attack#55;Dragon Dance#61;Outrage#67;Hyper Beam#75;Hurricane#81;;;;;;;;;;;;;;;;;;;;;;;
150;Confusion#1;Disable#1;Safeguard#1;Swift#8;Future Sight#15;Psych Up#22;Miracle Eye#29;Psycho Cut#36;Guard Swap#43;Power Swap#43;Recover#50;Psychic#57;Barrier#64;Aura Sphere#70;Amnesia#79;Mist#86;Me First#93;Psystrike#100;;;;;;;;;;;;;;;;;;;;;;;
151;Pound#1;Reflect Type#1;Transform#1;Mega Punch#10;Metronome#20;Psychic#30;Barrier#40;Ancient Power#50;Amnesia#60;Me First#70;Baton Pass#80;Nasty Plot#90;Aura Sphere#100;;;;;;;;;;;;;;;;;;;;;;;
