Name;Type;Category;PP;Power;Accuracy;AoA;Status;Percentage;AoStatus;Stats;Percentage;Level;AoStats;Weather;Priority;Round;Hit;Effect
Switch;Normal;Status;1;0;o;One;;;;;;;;;6;1;1;Switch
Pound;Normal;Physical;35;40;100%;One;;;;;;;;;0;1;1;
Karate Chop;Fighting;Physical;25;50;100%;One;;;;Critical;100;1;Self;;0;1;1;NextTurnCrit
Double Slap;Normal;Physical;10;15;85%;One;;;;;;;;;0;1;2_5;
Comet Punch;Normal;Physical;15;18;85%;One;;;;;;;;;0;1;2_5;
Mega Punch;Normal;Physical;20;80;85%;One;;;;;;;;;0;1;1;
Pay Day;Normal;Physical;20;40;100%;One;;;;;;;;;0;1;1;AddMoney
Fire Punch;Fire;Physical;15;75;100%;One;Burn;10;One;;;;;;0;1;1;
Ice Punch;Ice;Physical;15;75;100%;One;Freeze;10;One;;;;;;0;1;1;
Thunder Punch;Electric;Physical;15;75;100%;One;Par;10;One;;;;;;0;1;1;
Scratch;Normal;Physical;35;40;100%;One;;;;;;;;;0;1;1;
Vice Grip;Normal;Physical;30;55;100%;One;;;;;;;;;0;1;1;
Guillotine;Normal;Physical;5;KO;o;One;;;;;;;;;0;1;1;
Razor Wind;Normal;Special;10;80;100%;AllEnemies;;;;;;;;;0;o_2;1;
Swords Dance;Normal;Status;20;o;o;Self;;;;Atk;100;2;Self;;0;1;1;
Cut;Normal;Physical;30;50;95%;One;;;;;;;;;0;1;1;
Gust;Flying;Special;35;40;100%;One;;;;;;;;;0;1;1;
Wing Attack;Flying;Physical;35;60;100%;One;;;;;;;;;0;1;1;
Whirlwind;Normal;Status;20;o;o;One;;;;;;;;;-6;1;1;EndBattle
Fly;Flying;Physical;15;90;95%;One;;;;;;;;;0;o_2;1;IsFly
Bind;Normal;Physical;20;15;85%;One;;;;;;;;;0;2_5;1;Trap
Slam;Normal;Physical;20;80;75%;One;;;;;;;;;0;1;1;
Vine Whip;Grass;Physical;25;45;100%;One;;;;;;;;;0;1;1;
Stomp;Normal;Physical;20;65;100%;One;Flinch;30;One;;;;;;0;1;1;x2ifMinimize
Double Kick;Fighting;Physical;30;30;100%;One;;;;;;;;;0;1;2;
Mega Kick;Normal;Physical;5;120;75%;One;;;;;;;;;0;1;1;
Jump Kick;Fighting;Physical;10;100;95%;One;;;;;;;;;0;1;1;Miss/2HP
Rolling Kick;Fighting;Physical;15;60;85%;One;Flinch;30;One;;;;;;0;1;1;
Sand Attack;Ground;Status;15;o;100%;AllEnemies;;;;Acc;100;-1;AllEnemies;;0;1;1;HitFly
Headbutt;Normal;Physical;15;70;100%;One;Flinch;30;One;;;;;;0;1;1;
Horn Attack;Normal;Physical;25;65;100%;One;;;;;;;;;0;1;1;
Fury Attack;Normal;Physical;20;15;85%;One;;;;;;;;;0;1;2_5;
Horn Drill;Normal;Physical;5;KO;o;One;;;;;;;;;0;1;1;
Tackle;Normal;Physical;35;50;100%;One;;;;;;;;;0;1;1;
Body Slam;Normal;Physical;15;85;100%;One;Par;30;One;;;;;;0;1;1;x2ifMinimize
Wrap;Normal;Physical;20;15;90%;One;;0;;;;;;;0;2_5;1;Trap
Take Down;Normal;Physical;20;90;85%;One;Rec;25;Self;;;;;;0;1;1;
Thrash;Normal;Physical;10;120;100%;One;Conf;100;Self;;;;;;0;2_3;1;
Double-Edge;Normal;Physical;15;120;100%;One;Rec;33,3;Self;;;;;;0;1;1;
Tail Whip;Normal;Status;30;o;100%;AllEnemies;;;;Def;100;-1;AllEnemies;;0;1;1;
Poison Sting;Poison;Physical;35;15;100%;One;Poison;30;One;;;;;;0;1;1;
Twineedle;Bug;Physical;20;25;100%;One;Poison;20;;;;;;;0;1;2;
Pin Missile;Bug;Physical;20;25;95%;One;;;;;;;;;0;1;2_5;
Leer;Normal;Status;30;o;100%;AllEnemies;;;;Def;100;-1;AllEnemies;;0;1;1;
Bite;Dark;Physical;25;60;100%;One;Flinch;30;One;;;;;;0;1;1;
Growl;Normal;Status;40;o;100%;AllEnemies;;;;Atk;100;-1;AllEnemies;;0;1;1;
Roar;Normal;Status;20;o;o;One;;;;;;;;;-6;1;1;EndBattle
Sing;Normal;Status;15;o;55%;AllEnemies;Sleep;100;AllEnemies;;;;;;0;1;1;
Supersonic;Normal;Status;20;o;55%;One;Conf;100;One;;;;;;0;1;1;
Sonic Boom;Normal;Special;20;*20;90%;One;;;;;;;;;0;1;1;
Disable;Normal;Status;20;o;100%;One;;;;;;;;;0;4;1;BlockLastMove
Acid;Poison;Special;30;40;100%;AllEnemies;;;;SpDef;10;-1;AllEnemies;;0;1;1;
Ember;Fire;Special;25;40;100%;One;Burn;10;One;;;;;;0;1;1;
Flamethrower;Fire;Special;15;90;100%;One;Burn;10;One;;;;;;0;1;1;
Mist;Ice;Status;30;o;o;One;;;;;;;;;0;5;1;BlockLowStats
Water Gun;Water;Special;25;40;100%;One;;;;;;;;;0;1;1;
Hydro Pump;Water;Special;5;110;80%;One;;;;;;;;;0;1;1;
Surf;Water;Special;15;90;100%;One;;;;;;;;;0;1;1;
Ice Beam;Ice;Special;10;90;100%;One;Freeze;10;One;;;;;;0;1;1;
Blizzard;Ice;Special;5;110;70%;One;Freeze;10;One;;;;;;0;1;1;
Psybeam;Psychic;Special;20;65;100%;One;Conf;10;One;;;;;;0;1;1;
Bubble Beam;Water;Special;20;65;100%;One;;;;Spd;10;-1;One;;0;1;1;
Aurora Beam;Ice;Special;20;65;100%;One;;;;Atk;10;-1;One;;0;1;1;
Hyper Beam;Normal;Special;5;150;90%;One;;;;;;;;;0;1_o;1;
Peck;Flying;Physical;35;35;100%;One;;;;;;;;;0;1;1;
Drill Peck;Flying;Physical;20;80;100%;One;;;;;;;;;0;1;1;
Submission;Fighting;Physical;25;80;80%;One;Rec;25;Self;;;;;;0;1;1;
Low Kick;Fighting;Physical;20;o;100%;One;;;;;;;;;0;1;1;Heavier
Counter;Fighting;Physical;20;o;100%;One;;;;;;;;;-5;1;1;x2Physical
Seismic Toss;Fighting;Physical;20;o;100%;One;;;;;;;;;0;1;1;Level
Strength;Normal;Physical;15;80;100%;One;;;;;;;;;0;1;1;
Absorb;Grass;Special;25;20;100%;One;;;;;;;;;0;1;1;HalfBack
Mega Drain;Grass;Special;15;40;100%;One;;;;;;;;;0;1;1;HalfBack
Leech Seed;Grass;Status;10;o;90%;One;;;;;;;;;0;Loop;1;Round12,5
Growth;Normal;Status;20;o;o;One;;;;Atk.SpAtk;100;1;Self;;0;1;1;IfSunny2Level
Razor Leaf;Grass;Physical;25;55;95%;AllEnemies;;;;Critical;100;1;Self;;0;1;1;
Solar Beam;Grass;Special;10;120;100%;One;;;;;;;;;0;1;o_2;IfSunnyOneRound
Poison Powder;Poison;Status;35;o;75%;One;Poison;100;One;;;;;;0;1;1;NoGrass
Stun Spore;Grass;Status;30;o;75%;One;Par;100;One;;;;;;0;1;1;NoGrass
Sleep Powder;Grass;Status;15;o;75%;One;Sleep;100;One;;;;;;0;1;1;NoGrass
Petal Dance;Grass;Special;10;120;100%;One;Conf;100;Self;;;;;;0;2_3;1;
String Shot;Bug;Status;40;o;95%;One;;;;Spd;10;-1;AllEnemies;;0;1;1;
Dragon Rage;Dragon;Special;10;*40;100%;One;;;;;;;;;0;1;1;
Fire Spin;Fire;Special;15;35;85%;One;;;;;;;;;0;2_5;1;Trap
Thunder Shock;Electric;Special;30;40;100%;One;Par;10;One;;;;;;0;1;1;
Thunderbolt;Electric;Special;15;90;100%;One;Par;10;One;;;;;;0;1;1;
Thunder Wave;Electric;Status;20;o;100%;One;Par;100;One;;;;;;0;1;1;
Thunder;Electric;Special;10;110;70%;One;Par;10;One;;;;;;0;1;1;
Rock Throw;Rock;Physical;15;50;90%;One;;;;;;;;;0;1;1;
Earthquake;Ground;Physical;10;100;100%;All;;;;;;;;;0;1;1;x2ifDig
Fissure;Ground;Physical;5;KO;o;One;;;;;;;;;0;1;1;
Dig;Ground;Physical;10;80;100%;One;;;;;;;;;0;o_2;1;IsDig
Toxic;Poison;Status;10;o;90%;One;BadPsn;100;One;;;;;;0;1;1;
Confusion;Psychic;Special;25;50;100%;One;Conf;10;One;;;;;;0;1;1;
Psychic;Psychic;Special;10;90;100%;One;;;;SpDef;10;-1;One;;0;1;1;
Hypnosis;Psychic;Status;20;o;60%;One;Sleep;100;One;;;;;;0;1;1;
Meditate;Psychic;Status;40;o;o;Self;;;;Atk;100;1;Self;;0;1;1;
Agility;Psychic;Status;30;o;o;Self;;;;Spd;10;2;Self;;0;1;1;
Quick Attack;Normal;Physical;30;40;100%;One;;;;;;;;;1;1;1;
Rage;Normal;Physical;20;20;100%;One;;;;;;;;;0;1;1;Rage
Teleport;Psychic;Status;20;o;o;Self;;;;;;;;;0;1;1;Change
Night Shade;Ghost;Special;15;o;100%;One;;;;;;;;;0;1;1;Level
Mimic;Normal;Status;10;o;100%;Self;;;;;;;;;0;1;1;Mimic
Screech;Normal;Status;40;o;85%;One;;;;SpDef;10;-2;One;;0;1;1;
Double Team;Normal;Status;15;o;o;Self;;;;Eva;100;1;Self;;0;1;1;
Recover;Normal;Status;10;o;o;Self;;;;;;;;;0;1;1;RecoverHalf
Harden;Normal;Status;30;o;o;Self;;;;Def;100;1;Self;;0;1;1;
Minimize;Normal;Status;10;o;o;Self;;;;Eva;100;2;Self;;0;1;1;
Smokescreen;Normal;Status;20;o;100%;One;;;;Acc;100;-1;One;;0;1;1;
Confuse Ray;Ghost;Status;10;o;100%;One;Conf;100;One;;;;;;0;1;1;
Withdraw;Water;Status;40;o;o;Self;;;;Def;100;1;Self;;0;1;1;
Defense Curl;Normal;Status;40;o;o;Self;;;;Def;100;1;Self;;0;1;1;x2Roll
Barrier;Psychic;Status;20;o;o;Self;;;;Def;100;2;Self;;0;1;1;
Light Screen;Psychic;Status;30;o;o;Self;;;;;;;;;0;5;1;UpSpDef
Haze;Ice;Status;30;o;o;Self;;;;;;;;;0;1;1;ResetStats
Reflect;Psychic;Status;20;o;o;Self;;;;;;;;;0;5;1;UpDef
Focus Energy;Normal;Status;30;o;o;Self;;;;Critical;100;2;Self;;0;1;1;NextTurnCrit
Bide;Normal;Physical;10;o;100%;One;;;;;;;;;1;2_o;1;Bide
Metronome;Normal;Status;10;o;o;One;;;;;;;;;0;1;1;Random
Mirror Move;Flying;Status;20;o;o;One;;;;;;;;;0;1;1;TempMimic
Self-Destruct;Normal;Physical;5;200;100%;All;;;;;;;;;0;1;1;SelfKO
Egg Bomb;Normal;Physical;10;100;75%;One;;;;;;;;;0;1;1;
Lick;Ghost;Physical;30;30;100%;One;Par;30;One;;;;;;0;1;1;
Smog;Poison;Special;20;30;70%;One;Poison;40;One;;;;;;0;1;1;
Sludge;Poison;Special;20;65;100%;One;Poison;30;One;;;;;;0;1;1;
Bone Club;Ground;Physical;20;65;85%;One;Flinch;10;One;;;;;;0;1;1;
Fire Blast;Fire;Special;5;110;85%;One;Burn;10;One;;;;;;0;1;1;
Waterfall;Water;Physical;15;80;100%;One;Flinch;20;One;;;;;;0;1;1;
Clamp;Water;Physical;15;35;85%;One;;;;;;;;;0;4_5;1;Trap
Swift;Normal;Special;20;60;o;AllEnemies;;;;;;;;;0;1;1;
Skull Bash;Normal;Physical;10;130;100%;One;;;;Def;100;1;Self;;0;o_2;1;
Spike Cannon;Normal;Physical;15;20;100%;One;;;;;;;;;0;1;2_5;
Constrict;Normal;Physical;35;10;100%;One;;;;Spd;10;-1;One;;0;1;1;
Amnesia;Psychic;Status;20;o;o;Self;;;;SpDef;100;2;Self;;0;1;1;
Kinesis;Psychic;Status;15;o;80%;Self;;;;Acc;100;1;One;;0;1;1;
Soft-Boiled;Normal;Status;10;o;o;One;;;;;;;;;0;1;1;RecoverHalf
High Jump Kick;Fighting;Physical;10;130;90%;One;;;;;;;;;0;1;1;Miss/2HP
Glare;Normal;Status;30;o;100%;One;Par;100;One;;;;;;0;1;1;
Dream Eater;Psychic;Special;15;100;100%;One;;;;;;;;;0;1;1;IfSleep.HalfBack
Poison Gas;Poison;Status;40;o;90%;AllEnemies;Poison;100;AllEnemies;;;;;;0;1;1;
Barrage;Normal;Physical;20;15;85%;One;;;;;;;;;0;1;2_5;
Leech Life;Bug;Physical;15;20;100%;One;;;;;;;;;0;1;1;HalfBack
Lovely Kiss;Normal;Status;10;o;75%;One;Sleep;100;One;;;;;;0;1;1;
Sky Attack;Flying;Physical;5;140;90%;One;Flinch;30;One;Critical;100;1;Self;;0;1;o_2;
Transform;Normal;Status;10;o;o;One;;;;;;;;;0;1;1;Transform
Bubble;Water;Special;30;40;100%;AllEnemies;;;;Spd;10;-1;AllEnemies;;0;1;1;
Dizzy Punch;Normal;Physical;10;70;100%;One;Conf;20;One;;;;;;0;1;1;
Spore;Grass;Status;15;o;100%;One;Sleep;100;One;;;;;;0;1;1;
Flash;Normal;Status;20;o;100%;One;;;;Acc;100;1;AllEnemies;;0;1;1;
Psywave;Psychic;Special;15;o;100%;One;;;;;;;;;0;1;1;Psywave
Splash;Normal;Status;40;o;o;Self;;;;;;;;;0;1;1;
Acid Armor;Poison;Status;20;o;o;Self;;;;Def;100;2;Self;;0;1;1;
Crabhammer;Water;Physical;10;100;90%;One;;;;Critical;100;1;Self;;0;1;1;
Explosion;Normal;Physical;5;250;100%;One;;;;;;;;;0;1;1;SelfKO
Fury Swipes;Normal;Physical;15;18;80%;One;;;;;;;;;0;1;2_5;
Bonemerang;Ground;Physical;10;50;90%;One;;;;;;;;;0;1;2;
Rest;Psychic;Status;10;o;o;Self;Sleep;100;Self;;;;;;0;1;1;Rest
Rock Slide;Rock;Physical;10;75;90%;AllEnemies;Flinch;30;AllEnemies;;;;;;0;1;1;
Hyper Fang;Normal;Physical;15;80;90%;One;Flinch;10;One;;;;;;0;1;1;
Sharpen;Normal;Status;30;o;o;Self;;;;Atk;100;1;Self;;0;1;1;
Conversion;Normal;Status;30;o;o;One;;;;;;;;;0;1;1;Conversion
Tri Attack;Normal;Special;10;80;100%;One;;;;;;;;;0;1;1;Tri Attack
Super Fang;Normal;Physical;10;o;90%;One;;;;;;;;;0;1;1;HalfEnemyHP
Slash;Normal;Physical;20;70;100%;One;;;;Critical;100;1;Self;;0;1;1;
Substitute;Normal;Status;10;o;o;One;;;;;;;;;0;1;1;Substitute
Struggle;Normal;Physical;1;50;o;One;;;;;;;;;0;1;1;Struggle
Sketch;Normal;Status;1;o;o;One;;;;;;;;;0;1;1;
Triple Kick;Fighting;Physical;10;10;90%;One;;;;;;;;;0;1;1;
Thief;Dark;Physical;25;60;100%;One;;;;;;;;;0;1;1;
Spider Web;Bug;Status;10;o;100%;One;;;;;;;;;0;1;1;
Mind Reader;Normal;Status;5;o;100%;One;;;;;;;;;0;1;1;
Nightmare;Ghost;Status;15;o;100%;One;;;;;;;;;0;1;1;
Flame Wheel;Fire;Physical;25;60;100%;One;;;;;;;;;0;1;1;
Snore;Normal;Special;15;50;100%;One;;;;;;;;;0;1;1;
Curse;Ghost;Status;10;o;o;One;;;;;;;;;0;1;1;
Flail;Normal;Physical;15;o;100%;One;;;;;;;;;0;1;1;
Conversion 2;Normal;Status;30;o;100%;One;;;;;;;;;0;1;1;
Aeroblast;Flying;Special;5;100;95%;One;;;;;;;;;0;1;1;
Cotton Spore;Grass;Status;40;o;100%;One;;;;;;;;;0;1;1;
Reversal;Fighting;Physical;15;o;100%;One;;;;;;;;;0;1;1;
Spite;Ghost;Status;10;o;100%;One;;;;;;;;;0;1;1;
Powder Snow;Ice;Special;25;40;100%;One;;;;;;;;;0;1;1;
Protect;Normal;Status;10;o;o;One;;;;;;;;;4;1;1;
Mach Punch;Fighting;Physical;30;40;100%;One;;;;;0;;;;1;1;1;
Scary Face;Normal;Status;10;o;100%;One;;0;;;0;;;;0;1;1;
Feint Attack;Dark;Physical;20;60;o;One;;0;;;0;;;;0;1;1;
Sweet Kiss;Fairy;Status;10;o;75%;One;;0;;;0;;;;0;1;1;
Belly Drum;Normal;Status;10;o;o;One;;0;;;0;;;;0;1;1;
Sludge Bomb;Poison;Special;10;90;100%;One;;0;;;0;;;;0;1;1;
Mud-Slap;Ground;Special;10;20;100%;One;;0;;;0;;;;0;1;1;
Octazooka;Water;Special;10;65;85%;One;;0;;;0;;;;0;1;1;
Spikes;Ground;Status;20;o;o;One;;0;;;0;;;;0;1;1;
Zap Cannon;Electric;Special;5;120;50%;One;;0;;;0;;;;0;1;1;
Foresight;Normal;Status;40;o;100%;One;;0;;;0;;;;0;1;1;
Destiny Bond;Ghost;Status;5;o;o;One;;0;;;0;;;;0;1;1;
Perish Song;Normal;Status;5;o;o;One;;0;;;0;;;;0;1;1;
Icy Wind;Ice;Special;15;55;95%;One;;0;;;0;;;;0;1;1;
Detect;Fighting;Status;5;o;o;One;;0;;;0;;;;4;1;1;
Bone Rush;Ground;Physical;10;25;90%;One;;0;;;0;;;;0;1;1;
Lock-On;Normal;Status;5;o;100%;One;;0;;;0;;;;0;1;1;
Outrage;Dragon;Physical;10;120;100%;One;;0;;;0;;;;0;1;1;
Sandstorm;Rock;Status;10;o;o;One;;0;;;0;;;SandStorm;0;1;1;
Giga Drain;Grass;Special;10;75;100%;One;;0;;;0;;;;0;1;1;
Endure;Normal;Status;10;o;o;One;;0;;;0;;;;3;1;1;
Charm;Fairy;Status;20;o;100%;One;;0;;;0;;;;0;1;1;
Rollout;Rock;Physical;20;30;90%;One;;0;;;0;;;;0;1;1;
False Swipe;Normal;Physical;40;40;100%;One;;0;;;0;;;;0;1;1;
Swagger;Normal;Status;15;o;90%;One;;0;;;0;;;;0;1;1;
Milk Drink;Normal;Status;10;o;o;One;;0;;;0;;;;0;1;1;
Spark;Electric;Physical;20;65;100%;One;;0;;;0;;;;0;1;1;
Fury Cutter;Bug;Physical;20;40;95%;One;;0;;;0;;;;0;1;1;
Steel Wing;Steel;Physical;25;70;90%;One;;0;;;0;;;;0;1;1;
Mean Look;Normal;Status;5;o;100%;One;;0;;;0;;;;0;1;1;
Attract;Normal;Status;15;o;100%;One;;0;;;0;;;;0;1;1;
Sleep Talk;Normal;Status;10;o;o;One;;0;;;0;;;;0;1;1;
Heal Bell;Normal;Status;5;o;o;One;;0;;;0;;;;0;1;1;
Return;Normal;Physical;20;o;100%;One;;0;;;0;;;;0;1;1;
Present;Normal;Physical;15;o;90%;One;;0;;;0;;;;0;1;1;
Frustration;Normal;Physical;20;o;100%;One;;0;;;0;;;;0;1;1;
Safeguard;Normal;Status;25;o;o;One;;0;;;0;;;;0;1;1;
Pain Split;Normal;Status;20;o;100%;One;;0;;;0;;;;0;1;1;
Sacred Fire;Fire;Physical;5;100;95%;One;;0;;;0;;;;0;1;1;
Magnitude;Ground;Physical;30;o;100%;One;;0;;;0;;;;0;1;1;
Dynamic Punch;Fighting;Physical;5;100;50%;One;;0;;;0;;;;0;1;1;
Megahorn;Bug;Physical;10;120;85%;One;;0;;;0;;;;0;1;1;
Dragon Breath;Dragon;Special;20;60;100%;One;;0;;;0;;;;0;1;1;
Baton Pass;Normal;Status;40;o;o;One;;0;;;0;;;;0;1;1;
Encore;Normal;Status;5;o;100%;One;;0;;;0;;;;0;1;1;
Pursuit;Dark;Physical;20;40;100%;One;;0;;;0;;;;0;1;1;
Rapid Spin;Normal;Physical;40;20;100%;One;;0;;;0;;;;0;1;1;
Sweet Scent;Normal;Status;20;o;100%;One;;0;;;0;;;;0;1;1;
Iron Tail;Steel;Physical;15;100;75%;One;;0;;;0;;;;0;1;1;
Metal Claw;Steel;Physical;35;50;95%;One;;0;;;0;;;;0;1;1;
Vital Throw;Fighting;Physical;10;70;o;One;;0;;;0;;;;-1;1;1;
Morning Sun;Normal;Status;5;o;o;One;;0;;;0;;;;0;1;1;
Synthesis;Grass;Status;5;o;o;One;;0;;;0;;;;0;1;1;
Moonlight;Fairy;Status;5;o;o;One;;0;;;0;;;;0;1;1;
Hidden Power;Normal;Special;15;60;100%;One;;0;;;0;;;;0;1;1;
Cross Chop;Fighting;Physical;5;100;80%;One;;0;;;0;;;;0;1;1;
Twister;Dragon;Special;20;40;100%;One;;0;;;0;;;;0;1;1;
Rain Dance;Water;Status;5;o;o;One;;0;;;0;;;Rainy;0;1;1;
Sunny Day;Fire;Status;5;o;o;One;;0;;;0;;;Sunny;0;1;1;
Crunch;Dark;Physical;15;80;100%;One;;0;;;0;;;;0;1;1;
Mirror Coat;Psychic;Special;20;o;100%;One;;0;;;0;;;;-5;1;1;
Psych Up;Normal;Status;10;o;o;One;;0;;;0;;;;0;1;1;
Extreme Speed;Normal;Physical;5;80;100%;One;;0;;;0;;;;2;1;1;
Ancient Power;Rock;Special;5;60;100%;One;;0;;;0;;;;0;1;1;
Shadow Ball;Ghost;Special;15;80;100%;One;;0;;;0;;;;0;1;1;
Future Sight;Psychic;Special;10;120;100%;One;;0;;;0;;;;0;1;1;
Rock Smash;Fighting;Physical;15;40;100%;One;;0;;;0;;;;0;1;1;
Whirlpool;Water;Special;15;35;85%;One;;0;;;0;;;;0;1;1;
Beat Up;Dark;Physical;10;o;100%;One;;0;;;0;;;;0;1;1;
Fake Out;Normal;Physical;10;40;100%;One;;0;;;0;;;;3;1;1;
Uproar;Normal;Special;10;90;100%;One;;0;;;0;;;;0;1;1;
Stockpile;Normal;Status;20;o;o;One;;0;;;0;;;;0;1;1;
Spit Up;Normal;Special;10;o;100%;One;;0;;;0;;;;0;1;1;
Swallow;Normal;Status;10;o;o;One;;0;;;0;;;;0;1;1;
Heat Wave;Fire;Special;10;95;90%;One;;0;;;0;;;;0;1;1;
Hail;Ice;Status;10;o;o;One;;0;;;0;;;;0;1;1;
Torment;Dark;Status;15;o;100%;One;;0;;;0;;;;0;1;1;
Flatter;Dark;Status;15;o;100%;One;;0;;;0;;;;0;1;1;
Will-O-Wisp;Fire;Status;15;o;85%;One;;0;;;0;;;;0;1;1;
Memento;Dark;Status;10;o;100%;One;;0;;;0;;;;0;1;1;
Facade;Normal;Physical;20;70;100%;One;;0;;;0;;;;0;1;1;
Focus Punch;Fighting;Physical;20;150;100%;One;;0;;;0;;;;-3;1;1;
Smelling Salts;Normal;Physical;10;70;100%;One;;0;;;0;;;;0;1;1;
Follow Me;Normal;Status;20;o;100%;One;;0;;;0;;;;2;1;1;
Nature Power;Normal;Status;20;o;o;One;;0;;;0;;;;0;1;1;
Charge;Electric;Status;20;o;o;One;;0;;;0;;;;0;1;1;
Taunt;Dark;Status;20;o;100%;One;;0;;;0;;;;0;1;1;
Helping Hand;Normal;Status;20;o;o;One;;0;;;0;;;;0;1;1;
Trick;Psychic;Status;10;o;100%;One;;0;;;0;;;;0;1;1;
Role Play;Psychic;Status;10;o;o;One;;0;;;0;;;;0;1;1;
Wish;Normal;Status;10;o;o;One;;0;;;0;;;;0;1;1;
Assist;Normal;Status;20;o;o;One;;0;;;0;;;;0;1;1;
Ingrain;Grass;Status;20;o;o;One;;0;;;0;;;;0;1;1;
Superpower;Fighting;Physical;5;120;100%;One;;0;;;0;;;;0;1;1;
Magic Coat;Psychic;Status;15;o;o;One;;0;;;0;;;;4;1;1;
Recycle;Normal;Status;10;o;100%;One;;0;;;0;;;;0;1;1;
Revenge;Fighting;Physical;10;60;100%;One;;0;;;0;;;;-4;1;1;
Brick Break;Fighting;Physical;15;75;100%;One;;0;;;0;;;;0;1;1;
Yawn;Normal;Status;10;o;100%;One;;0;;;0;;;;0;1;1;
Knock Off;Dark;Physical;20;65;100%;One;;0;;;0;;;;0;1;1;
Endeavor;Normal;Physical;5;o;100%;One;;0;;;0;;;;0;1;1;
Eruption;Fire;Special;5;150;100%;One;;0;;;0;;;;0;1;1;
Skill Swap;Psychic;Status;10;o;100%;One;;0;;;0;;;;0;1;1;
Imprison;Psychic;Status;10;o;100%;One;;0;;;0;;;;0;1;1;
Refresh;Normal;Status;20;o;100%;One;;0;;;0;;;;0;1;1;
Grudge;Ghost;Status;5;o;100%;One;;0;;;0;;;;0;1;1;
Snatch;Dark;Status;10;o;100%;One;;0;;;0;;;;4;1;1;
Secret Power;Normal;Physical;20;70;100%;One;;0;;;0;;;;0;1;1;
Dive;Water;Physical;10;80;100%;One;;0;;;0;;;;0;1;1;
Arm Thrust;Fighting;Physical;20;15;100%;One;;0;;;0;;;;0;1;1;
Camouflage;Normal;Status;20;o;o;One;;0;;;0;;;;0;1;1;
Tail Glow;Bug;Status;20;o;o;One;;0;;;0;;;;0;1;1;
Luster Purge;Psychic;Special;5;70;100%;One;;0;;;0;;;;0;1;1;
Mist Ball;Psychic;Special;5;70;100%;One;;0;;;0;;;;0;1;1;
Feather Dance;Flying;Status;15;o;100%;One;;0;;;0;;;;0;1;1;
Teeter Dance;Normal;Status;20;o;100%;One;;0;;;0;;;;0;1;1;
Blaze Kick;Fire;Physical;10;85;90%;One;;0;;;0;;;;0;1;1;
Mud Sport;Ground;Status;15;o;o;One;;0;;;0;;;;0;1;1;
Ice Ball;Ice;Physical;20;30;90%;One;;0;;;0;;;;0;1;1;
Needle Arm;Grass;Physical;15;60;100%;One;;0;;;0;;;;0;1;1;
Slack Off;Normal;Status;10;o;o;One;;0;;;0;;;;0;1;1;
Hyper Voice;Normal;Special;10;90;100%;One;;0;;;0;;;;0;1;1;
Poison Fang;Poison;Physical;15;50;100%;One;;0;;;0;;;;0;1;1;
Crush Claw;Normal;Physical;10;75;95%;One;;0;;;0;;;;0;1;1;
Blast Burn;Fire;Special;5;150;90%;One;;0;;;0;;;;0;1;1;
Hydro Cannon;Water;Special;5;150;90%;One;;0;;;0;;;;0;1;1;
Meteor Mash;Steel;Physical;10;90;90%;One;;0;;;0;;;;0;1;1;
Astonish;Ghost;Physical;15;30;100%;One;;0;;;0;;;;0;1;1;
Weather Ball;Normal;Special;10;50;100%;One;;0;;;0;;;;0;1;1;
Aromatherapy;Grass;Status;5;o;o;One;;0;;;0;;;;0;1;1;
Fake Tears;Dark;Status;20;o;100%;One;;0;;;0;;;;0;1;1;
Air Cutter;Flying;Special;25;60;95%;One;;0;;;0;;;;0;1;1;
Overheat;Fire;Special;5;130;90%;One;;0;;;0;;;;0;1;1;
Odor Sleuth;Normal;Status;40;o;100%;One;;0;;;0;;;;0;1;1;
Rock Tomb;Rock;Physical;15;60;95%;One;;0;;;0;;;;0;1;1;
Silver Wind;Bug;Special;5;60;100%;One;;0;;;0;;;;0;1;1;
Metal Sound;Steel;Status;40;o;85%;One;;0;;;0;;;;0;1;1;
Grass Whistle;Grass;Status;15;o;55%;One;;0;;;0;;;;0;1;1;
Tickle;Normal;Status;20;o;100%;One;;0;;;0;;;;0;1;1;
Cosmic Power;Psychic;Status;20;o;o;One;;0;;;0;;;;0;1;1;
Water Spout;Water;Special;5;150;100%;One;;0;;;0;;;;0;1;1;
Signal Beam;Bug;Special;15;75;100%;One;;0;;;0;;;;0;1;1;
Shadow Punch;Ghost;Physical;20;60;o;One;;0;;;0;;;;0;1;1;
Extrasensory;Psychic;Special;20;80;100%;One;;0;;;0;;;;0;1;1;
Sky Uppercut;Fighting;Physical;15;85;90%;One;;0;;;0;;;;0;1;1;
Sand Tomb;Ground;Physical;15;35;85%;One;;0;;;0;;;;0;1;1;
Sheer Cold;Ice;Special;5;KO;o;One;;0;;;0;;;;0;1;1;
Muddy Water;Water;Special;10;90;85%;One;;0;;;0;;;;0;1;1;
Bullet Seed;Grass;Physical;30;25;100%;One;;0;;;0;;;;0;1;1;
Aerial Ace;Flying;Physical;20;60;o;One;;0;;;0;;;;0;1;1;
Icicle Spear;Ice;Physical;30;25;100%;One;;0;;;0;;;;0;1;1;
Iron Defense;Steel;Status;15;o;o;One;;0;;;0;;;;0;1;1;
Block;Normal;Status;5;o;o;One;;0;;;0;;;;0;1;1;
Howl;Normal;Status;40;o;o;One;;0;;;0;;;;0;1;1;
Dragon Claw;Dragon;Physical;15;80;100%;One;;0;;;0;;;;0;1;1;
Frenzy Plant;Grass;Special;5;150;90%;One;;0;;;0;;;;0;1;1;
Bulk Up;Fighting;Status;20;o;o;One;;0;;;0;;;;0;1;1;
Bounce;Flying;Physical;5;85;85%;One;;0;;;0;;;;0;1;1;
Mud Shot;Ground;Special;15;55;95%;One;;0;;;0;;;;0;1;1;
Poison Tail;Poison;Physical;25;50;100%;One;;0;;;0;;;;0;1;1;
Covet;Normal;Physical;25;60;100%;One;;0;;;0;;;;0;1;1;
Volt Tackle;Electric;Physical;15;120;100%;One;;0;;;0;;;;0;1;1;
Magical Leaf;Grass;Special;20;60;o;One;;0;;;0;;;;0;1;1;
Water Sport;Water;Status;15;o;100%;One;;0;;;0;;;;0;1;1;
Calm Mind;Psychic;Status;20;o;o;One;;0;;;0;;;;0;1;1;
Leaf Blade;Grass;Physical;15;90;100%;One;;0;;;0;;;;0;1;1;
Dragon Dance;Dragon;Status;20;o;o;One;;0;;;0;;;;0;1;1;
Rock Blast;Rock;Physical;10;25;90%;One;;0;;;0;;;;0;1;1;
Shock Wave;Electric;Special;20;60;o;One;;0;;;0;;;;0;1;1;
Water Pulse;Water;Special;20;60;100%;One;;0;;;0;;;;0;1;1;
Doom Desire;Steel;Special;5;140;100%;One;;0;;;0;;;;0;1;1;
Psycho Boost;Psychic;Special;5;140;90%;One;;0;;;0;;;;0;1;1;
Roost;Flying;Status;10;o;o;One;;0;;;0;;;;0;1;1;
Gravity;Psychic;Status;5;o;o;One;;0;;;0;;;;0;1;1;
Miracle Eye;Psychic;Status;40;o;o;One;;0;;;0;;;;0;1;1;
Wake-Up Slap;Fighting;Physical;10;70;100%;One;;0;;;0;;;;0;1;1;
Hammer Arm;Fighting;Physical;10;100;90%;One;;0;;;0;;;;0;1;1;
Gyro Ball;Steel;Physical;5;o;100%;One;;0;;;0;;;;0;1;1;
Healing Wish;Psychic;Status;10;o;o;One;;0;;;0;;;;0;1;1;
Brine;Water;Special;10;65;100%;One;;0;;;0;;;;0;1;1;
Natural Gift;Normal;Physical;15;o;100%;One;;0;;;0;;;;0;1;1;
Feint;Normal;Physical;10;30;100%;One;;0;;;0;;;;2;1;1;
Pluck;Flying;Physical;20;60;100%;One;;0;;;0;;;;0;1;1;
Tailwind;Flying;Status;15;o;o;One;;0;;;0;;;;0;1;1;
Acupressure;Normal;Status;30;o;o;One;;0;;Random;0;2;Self.Other;;0;1;1;
Metal Burst;Steel;Physical;10;o;100%;One;;0;;;0;;;;0;1;1;
U-turn;Bug;Physical;20;70;100%;One;;0;;;0;;;;0;1;1;
Close Combat;Fighting;Physical;5;120;100%;One;;0;;;0;;;;0;1;1;
Payback;Dark;Physical;10;50;100%;One;;0;;;0;;;;0;1;1;
Assurance;Dark;Physical;10;60;100%;One;;0;;;0;;;;0;1;1;
Embargo;Dark;Status;15;o;100%;One;;0;;;0;;;;0;1;1;
Fling;Dark;Physical;10;o;100%;One;;0;;;0;;;;0;1;1;
Psycho Shift;Psychic;Status;10;o;100%;One;;0;;;0;;;;0;1;1;
Trump Card;Normal;Special;5;o;o;One;;0;;;0;;;;0;1;1;
Heal Block;Psychic;Status;15;o;100%;One;;0;;;0;;;;0;1;1;
Wring Out;Normal;Special;5;o;100%;One;;0;;;0;;;;0;1;1;
Power Trick;Psychic;Status;10;o;o;One;;0;;;0;;;;0;1;1;
Gastro Acid;Poison;Status;10;o;100%;One;;0;;;0;;;;0;1;1;
Lucky Chant;Normal;Status;30;o;o;One;;0;;;0;;;;0;1;1;
Me First;Normal;Status;20;o;o;One;;0;;;0;;;;0;1;1;
Copycat;Normal;Status;20;o;o;One;;0;;;0;;;;0;1;1;
Power Swap;Psychic;Status;10;o;o;One;;0;;;0;;;;0;1;1;
Guard Swap;Psychic;Status;10;o;o;One;;0;;;0;;;;0;1;1;
Punishment;Dark;Physical;5;o;100%;One;;0;;;0;;;;0;1;1;
Last Resort;Normal;Physical;5;140;100%;One;;0;;;0;;;;0;1;1;
Worry Seed;Grass;Status;10;o;100%;One;;0;;;0;;;;0;1;1;
Sucker Punch;Dark;Physical;5;80;100%;One;;0;;;0;;;;1;1;1;
Toxic Spikes;Poison;Status;20;o;o;One;;0;;;0;;;;0;1;1;
Heart Swap;Psychic;Status;10;o;o;One;;0;;;0;;;;0;1;1;
Aqua Ring;Water;Status;20;o;o;One;;0;;;0;;;;0;1;1;
Magnet Rise;Electric;Status;10;o;o;One;;0;;;0;;;;0;1;1;
Flare Blitz;Fire;Physical;15;120;100%;One;;0;;;0;;;;0;1;1;
Force Palm;Fighting;Physical;10;60;100%;One;;0;;;0;;;;0;1;1;
Aura Sphere;Fighting;Special;20;80;o;One;;0;;;0;;;;0;1;1;
Rock Polish;Rock;Status;20;o;o;One;;0;;;0;;;;0;1;1;
Poison Jab;Poison;Physical;20;80;100%;One;;0;;;0;;;;0;1;1;
Dark Pulse;Dark;Special;15;80;100%;One;;0;;;0;;;;0;1;1;
Night Slash;Dark;Physical;15;70;100%;One;;0;;;0;;;;0;1;1;
Aqua Tail;Water;Physical;10;90;90%;One;;0;;;0;;;;0;1;1;
Seed Bomb;Grass;Physical;15;80;100%;One;;0;;;0;;;;0;1;1;
Air Slash;Flying;Special;15*;75;95%;One;;0;;;0;;;;0;1;1;
X-Scissor;Bug;Physical;15;80;100%;One;;0;;;0;;;;0;1;1;
Bug Buzz;Bug;Special;10;90;100%;One;;0;;;0;;;;0;1;1;
Dragon Pulse;Dragon;Special;10;85;100%;One;;0;;;0;;;;0;1;1;
Dragon Rush;Dragon;Physical;10;100;75%;One;;0;;;0;;;;0;1;1;
Power Gem;Rock;Special;20;80;100%;One;;0;;;0;;;;0;1;1;
Drain Punch;Fighting;Physical;10;75;100%;One;;0;;;0;;;;0;1;1;
Vacuum Wave;Fighting;Special;30;40;100%;One;;0;;;0;;;;1;1;1;
Focus Blast;Fighting;Special;5;120;70%;One;;0;;;0;;;;0;1;1;
Energy Ball;Grass;Special;10;90;100%;One;;0;;;0;;;;0;1;1;
Brave Bird;Flying;Physical;15;120;100%;One;;0;;;0;;;;0;1;1;
Earth Power;Ground;Special;10;90;100%;One;;0;;;0;;;;0;1;1;
Switcheroo;Dark;Status;10;o;100%;One;;0;;;0;;;;0;1;1;
Giga Impact;Normal;Physical;5;150;90%;One;;0;;;0;;;;0;1;1;
Nasty Plot;Dark;Status;20;o;o;One;;0;;;0;;;;0;1;1;
Bullet Punch;Steel;Physical;30;40;100%;One;;0;;;0;;;;1;1;1;
Avalanche;Ice;Physical;10;60;100%;One;;0;;;0;;;;-4;1;1;
Ice Shard;Ice;Physical;30;40;100%;One;;0;;;0;;;;1;1;1;
Shadow Claw;Ghost;Physical;15;70;100%;One;;0;;;0;;;;0;1;1;
Thunder Fang;Electric;Physical;15;65;95%;One;;0;;;0;;;;0;1;1;
Ice Fang;Ice;Physical;15;65;95%;One;;0;;;0;;;;0;1;1;
Fire Fang;Fire;Physical;15;65;95%;One;;0;;;0;;;;0;1;1;
Shadow Sneak;Ghost;Physical;30;40;100%;One;;0;;;0;;;;1;1;1;
Mud Bomb;Ground;Special;10;65;85%;One;;0;;;0;;;;0;1;1;
Psycho Cut;Psychic;Physical;20;70;100%;One;;0;;;0;;;;0;1;1;
Zen Headbutt;Psychic;Physical;15;80;90%;One;;0;;;0;;;;0;1;1;
Mirror Shot;Steel;Special;10;65;85%;One;;0;;;0;;;;0;1;1;
Flash Cannon;Steel;Special;10;80;100%;One;;0;;;0;;;;0;1;1;
Rock Climb;Normal;Physical;20;90;85%;One;;0;;;0;;;;0;1;1;
Defog;Flying;Status;15;o;o;One;;0;;;0;;;;0;1;1;
Trick Room;Psychic;Status;5;o;o;One;;0;;;0;;;;-7;1;1;
Draco Meteor;Dragon;Special;5;130;90%;One;;0;;;0;;;;0;1;1;
Discharge;Electric;Special;15;80;100%;One;;0;;;0;;;;0;1;1;
Lava Plume;Fire;Special;15;80;100%;One;;0;;;0;;;;0;1;1;
Leaf Storm;Grass;Special;5;130;90%;One;;0;;;0;;;;0;1;1;
Power Whip;Grass;Physical;10;120;85%;One;;0;;;0;;;;0;1;1;
Rock Wrecker;Rock;Physical;5;150;90%;One;;0;;;0;;;;0;1;1;
Cross Poison;Poison;Physical;20;70;100%;One;;0;;;0;;;;0;1;1;
Gunk Shot;Poison;Physical;5;120;80%;One;;0;;;0;;;;0;1;1;
Iron Head;Steel;Physical;15;80;100%;One;;0;;;0;;;;0;1;1;
Magnet Bomb;Steel;Physical;20;60;o;One;;0;;;0;;;;0;1;1;
Stone Edge;Rock;Physical;5;100;80%;One;;0;;;0;;;;0;1;1;
Captivate;Normal;Status;20;o;100%;One;;0;;;0;;;;0;1;1;
Stealth Rock;Rock;Status;20;o;o;One;;0;;;0;;;;0;1;1;
Grass Knot;Grass;Special;20;o;100%;One;;0;;;0;;;;0;1;1;
Chatter;Flying;Special;20;65;100%;One;;0;;;0;;;;0;1;1;
Judgment;Normal;Special;10;100;100%;One;;0;;;0;;;;0;1;1;
Bug Bite;Bug;Physical;20;60;100%;One;;0;;;0;;;;0;1;1;
Charge Beam;Electric;Special;10;50;90%;One;;0;;;0;;;;0;1;1;
Wood Hammer;Grass;Physical;15;120;100%;One;;0;;;0;;;;0;1;1;
Aqua Jet;Water;Physical;20;40;100%;One;;0;;;0;;;;1;1;1;
Attack Order;Bug;Physical;15;90;100%;One;;0;;;0;;;;0;1;1;
Defend Order;Bug;Status;10;o;o;One;;0;;;0;;;;0;1;1;
Heal Order;Bug;Status;10;o;o;One;;0;;;0;;;;0;1;1;
Head Smash;Rock;Physical;5;150;80%;One;;0;;;0;;;;0;1;1;
Double Hit;Normal;Physical;10;35;90%;One;;0;;;0;;;;0;1;1;
Roar of Time;Dragon;Special;5;150;90%;One;;0;;;0;;;;0;1;1;
Spacial Rend;Dragon;Special;5;100;95%;One;;0;;;0;;;;0;1;1;
Lunar Dance;Psychic;Status;10;o;o;One;;0;;;0;;;;0;1;1;
Crush Grip;Normal;Physical;5;o;100%;One;;0;;;0;;;;0;1;1;
Magma Storm;Fire;Special;5;100;75%;One;;0;;;0;;;;0;1;1;
Dark Void;Dark;Status;10;o;80%;One;;0;;;0;;;;0;1;1;
Seed Flare;Grass;Special;5;120;85%;One;;0;;;0;;;;0;1;1;
Ominous Wind;Ghost;Special;5;60;100%;One;;0;;;0;;;;0;1;1;
Shadow Force;Ghost;Physical;5;120;100%;One;;0;;;0;;;;0;1;1;
Hone Claws;Dark;Status;15;o;o;One;;0;;Acc.Atk;0;1;Self;;0;1;1;
Wide Guard;Rock;Status;10;o;o;One;;0;;;0;;;;3;1;1;
Guard Split;Psychic;Status;10;o;o;One;;0;;;0;;;;0;1;1;
Power Split;Psychic;Status;10;o;o;One;;0;;;0;;;;0;1;1;
Wonder Room;Psychic;Status;10;o;o;One;;0;;;0;;;;0;1;1;
Psyshock;Psychic;Special;10;80;100%;One;;0;;;0;;;;0;1;1;
Venoshock;Poison;Special;10;65;100%;One;;0;;;0;;;;0;1;1;
Autotomize;Steel;Status;15;o;o;One;;0;;;0;;;;0;1;1;
Rage Powder;Bug;Status;20;o;o;One;;0;;;0;;;;2;1;1;
Telekinesis;Psychic;Status;15;o;o;One;;0;;;0;;;;0;1;1;
Magic Room;Psychic;Status;10;o;o;One;;0;;;0;;;;0;1;1;
Smack Down;Rock;Physical;15;50;100%;One;;0;;;0;;;;0;1;1;
Storm Throw;Fighting;Physical;10;60;100%;One;;0;;;0;;;;0;1;1;
Flame Burst;Fire;Special;15;70;100%;One;;0;;;0;;;;0;1;1;
Sludge Wave;Poison;Special;10;95;100%;One;;0;;;0;;;;0;1;1;
Quiver Dance;Bug;Status;20;o;o;One;;0;;;0;;;;0;1;1;
Heavy Slam;Steel;Physical;10;o;100%;One;;0;;;0;;;;0;1;1;
Synchronoise;Psychic;Special;15;120;100%;One;;0;;;0;;;;0;1;1;
Electro Ball;Electric;Special;10;o;100%;One;;0;;;0;;;;0;1;1;
Soak;Water;Status;20;o;100%;One;;0;;;0;;;;0;1;1;
Flame Charge;Fire;Physical;20;50;100%;One;;0;;;0;;;;0;1;1;
Coil;Poison;Status;20;o;o;One;;0;;Acc.Atk.Def;0;1;;;0;1;1;
Low Sweep;Fighting;Physical;20;65;100%;One;;0;;;0;;;;0;1;1;
Acid Spray;Poison;Special;20;40;100%;One;;0;;;0;;;;0;1;1;
Foul Play;Dark;Physical;15;95;100%;One;;0;;;0;;;;0;1;1;
Simple Beam;Normal;Status;15;o;100%;One;;0;;;0;;;;0;1;1;
Entrainment;Normal;Status;15;o;100%;One;;0;;;0;;;;0;1;1;
After You;Normal;Status;15;o;o;One;;0;;;0;;;;0;1;1;
Round;Normal;Special;15;60;100%;One;;0;;;0;;;;0;1;1;
Echoed Voice;Normal;Special;15;40;100%;One;;0;;;0;;;;0;1;1;
Chip Away;Normal;Physical;20;70;100%;One;;0;;;0;;;;0;1;1;
Clear Smog;Poison;Special;15;50;o;One;;0;;;0;;;;0;1;1;
Stored Power;Psychic;Special;10;20;100%;One;;0;;;0;;;;0;1;1;
Quick Guard;Fighting;Status;15;o;o;One;;0;;;0;;;;3;1;1;
Ally Switch;Psychic;Status;15;o;o;One;;0;;;0;;;;1;1;1;
Scald;Water;Special;15;80;100%;One;;0;;;0;;;;0;1;1;
Shell Smash;Normal;Status;15;o;o;One;;0;;;0;;;;0;1;1;
Heal Pulse;Psychic;Status;10;o;o;One;;0;;;0;;;;0;1;1;
Hex;Ghost;Special;10;65;100%;One;;0;;;0;;;;0;1;1;
Sky Drop;Flying;Physical;10;60;100%;One;;0;;;0;;;;0;1;1;
Shift Gear;Steel;Status;10;o;o;One;;0;;;0;;;;0;1;1;
Circle Throw;Fighting;Physical;10;60;90%;One;;0;;;0;;;;-6;1;1;
Incinerate;Fire;Special;15;60;100%;One;;0;;;0;;;;0;1;1;
Quash;Dark;Status;15;o;100%;One;;0;;;0;;;;0;1;1;
Acrobatics;Flying;Physical;15;55;100%;One;;0;;;0;;;;0;1;1;
Reflect Type;Normal;Status;15;o;o;One;;0;;;0;;;;0;1;1;
Retaliate;Normal;Physical;5;70;100%;One;;0;;;0;;;;0;1;1;
Final Gambit;Fighting;Special;5;o;100%;One;;0;;;0;;;;0;1;1;
Bestow;Normal;Status;15;o;o;One;;0;;;0;;;;0;1;1;
Inferno;Fire;Special;5;100;50%;One;;0;;;0;;;;0;1;1;
Water Pledge;Water;Special;10;80;100%;One;;0;;;0;;;;0;1;1;
Fire Pledge;Fire;Special;10;80;100%;One;;0;;;0;;;;0;1;1;
Grass Pledge;Grass;Special;10;80;100%;One;;0;;;0;;;;0;1;1;
Volt Switch;Electric;Special;20;70;100%;One;;0;;;0;;;;0;1;1;
Struggle Bug;Bug;Special;20;50;100%;One;;0;;;0;;;;0;1;1;
Bulldoze;Ground;Physical;20;60;100%;One;;0;;;0;;;;0;1;1;
Frost Breath;Ice;Special;10;60;90%;One;;0;;;0;;;;0;1;1;
Dragon Tail;Dragon;Physical;10;60;90%;One;;0;;;0;;;;-6;1;1;
Work Up;Normal;Status;30;o;o;One;;0;;;0;;;;0;1;1;
Electroweb;Electric;Special;15;55;95%;One;;0;;;0;;;;0;1;1;
Wild Charge;Electric;Physical;15;90;100%;One;;0;;;0;;;;0;1;1;
Drill Run;Ground;Physical;10;80;95%;One;;0;;;0;;;;0;1;1;
Dual Chop;Dragon;Physical;15;40;90%;One;;0;;;0;;;;0;1;1;
Heart Stamp;Psychic;Physical;25;60;100%;One;;0;;;0;;;;0;1;1;
Horn Leech;Grass;Physical;10;75;100%;One;;0;;;0;;;;0;1;1;
Sacred Sword;Fighting;Physical;15;90;100%;One;;0;;;0;;;;0;1;1;
Razor Shell;Water;Physical;10;75;95%;One;;0;;;0;;;;0;1;1;
Heat Crash;Fire;Physical;10;o;100%;One;;0;;;0;;;;0;1;1;
Leaf Tornado;Grass;Special;10;65;90%;One;;0;;;0;;;;0;1;1;
Steamroller;Bug;Physical;20;65;100%;One;;0;;;0;;;;0;1;1;
Cotton Guard;Grass;Status;10;o;o;One;;0;;;0;;;;0;1;1;
Night Daze;Dark;Special;10;85;95%;One;;0;;;0;;;;0;1;1;
Psystrike;Psychic;Special;10;100;100%;One;;0;;;0;;;;0;1;1;
Tail Slap;Normal;Physical;10;25;85%;One;;0;;;0;;;;0;1;1;
Hurricane;Flying;Special;10;110;70%;One;;0;;;0;;;;0;1;1;
Head Charge;Normal;Physical;15;120;100%;One;;0;;;0;;;;0;1;1;
Gear Grind;Steel;Physical;15;50;85%;One;;0;;;0;;;;0;1;1;
Searing Shot;Fire;Special;5;100;100%;One;;0;;;0;;;;0;1;1;
Techno Blast;Normal;Special;5;120;100%;One;;0;;;0;;;;0;1;1;
Relic Song;Normal;Special;10;75;100%;One;;0;;;0;;;;0;1;1;
Secret Sword;Fighting;Special;10;85;100%;One;;0;;;0;;;;0;1;1;
Glaciate;Ice;Special;10;65;95%;One;;0;;;0;;;;0;1;1;
Bolt Strike;Electric;Physical;5;130;85%;One;;0;;;0;;;;0;1;1;
Blue Flare;Fire;Special;5;130;85%;One;;0;;;0;;;;0;1;1;
Fiery Dance;Fire;Special;10;80;100%;One;;0;;;0;;;;0;1;1;
Freeze Shock;Ice;Physical;5;140;90%;One;;0;;;0;;;;0;1;1;
Ice Burn;Ice;Special;5;140;90%;One;;0;;;0;;;;0;1;1;
Snarl;Dark;Special;15;55;95%;One;;0;;;0;;;;0;1;1;
Icicle Crash;Ice;Physical;10;85;90%;One;;0;;;0;;;;0;1;1;
V-create;Fire;Physical;5;180;95%;One;;0;;;0;;;;0;1;1;
Fusion Flare;Fire;Special;5;100;100%;One;;0;;;0;;;;0;1;1;
Fusion Bolt;Electric;Physical;5;100;100%;One;;0;;;0;;;;0;1;1;
Flying Press;Fighting;Physical;10;80;95%;One;;0;;;0;;;;0;1;1;
Mat Block;Fighting;Status;10;o;o;One;;0;;;0;;;;0;1;1;
Belch;Poison;Special;10;120;90%;One;;0;;;0;;;;0;1;1;
Rototiller;Ground;Status;10;o;o;One;;0;;;0;;;;0;1;1;
Sticky Web;Bug;Status;20;o;o;One;;0;;;0;;;;0;1;1;
Fell Stinger;Bug;Physical;25;30;100%;One;;0;;;0;;;;0;1;1;
Phantom Force;Ghost;Physical;10;90;100%;One;;0;;;0;;;;0;1;1;
Trick-or-Treat;Ghost;Status;20;o;100%;One;;0;;;0;;;;0;1;1;
Noble Roar;Normal;Status;30;o;100%;One;;0;;;0;;;;0;1;1;
Ion Deluge;Electric;Status;25;o;o;One;;0;;;0;;;;1;1;1;
Parabolic Charge;Electric;Special;20;50;100%;One;;0;;;0;;;;0;1;1;
Forest's Curse;Grass;Status;20;o;100%;One;;0;;;0;;;;0;1;1;
Petal Blizzard;Grass;Physical;15;90;100%;One;;0;;;0;;;;0;1;1;
Freeze-Dry;Ice;Special;20;70;100%;One;;0;;;0;;;;0;1;1;
Disarming Voice;Fairy;Special;15;40;o;One;;0;;;0;;;;0;1;1;
Parting Shot;Dark;Status;20;o;100%;One;;0;;;0;;;;0;1;1;
Topsy-Turvy;Dark;Status;20;o;100%;One;;0;;;0;;;;0;1;1;
Draining Kiss;Fairy;Special;10;50;100%;One;;0;;;0;;;;0;1;1;
Crafty Shield;Fairy;Status;10;o;o;One;;0;;;0;;;;3;1;1;
Flower Shield;Fairy;Status;10;o;o;One;;0;;;0;;;;0;1;1;
Grassy Terrain;Grass;Status;10;o;o;One;;0;;;0;;;;0;1;1;
Misty Terrain;Fairy;Status;10;o;o;One;;0;;;0;;;;0;1;1;
Electrify;Electric;Status;20;o;o;One;;0;;;0;;;;0;1;1;
Play Rough;Fairy;Physical;10;90;90%;One;;0;;;0;;;;0;1;1;
Fairy Wind;Fairy;Special;30;40;100%;One;;0;;;0;;;;0;1;1;
Moonblast;Fairy;Special;15;95;100%;One;;0;;;0;;;;0;1;1;
Boomburst;Normal;Special;10;140;100%;One;;0;;;0;;;;0;1;1;
Fairy Lock;Fairy;Status;10;o;o;One;;0;;;0;;;;0;1;1;
King's Shield;Steel;Status;10;o;o;One;;0;;;0;;;;4;1;1;
Play Nice;Normal;Status;20;o;o;One;;0;;;0;;;;0;1;1;
Confide;Normal;Status;20;o;o;One;;0;;;0;;;;0;1;1;
Diamond Storm;Rock;Physical;5;100;95%;One;;0;;;0;;;;0;1;1;
Steam Eruption;Water;Special;5;110;95%;One;;0;;;0;;;;0;1;1;
Hyperspace Hole;Psychic;Special;5;80;o;One;;0;;;0;;;;0;1;1;
Water Shuriken;Water;Physical;20;15;100%;One;;0;;;0;;;;1;1;1;
Mystical Fire;Fire;Special;10;65;100%;One;;0;;;0;;;;0;1;1;
Spiky Shield;Grass;Status;10;o;o;One;;0;;;0;;;;4;1;1;
Aromatic Mist;Fairy;Status;20;o;o;One;;0;;;0;;;;0;1;1;
Eerie Impulse;Electric;Status;15;o;100%;One;;0;;;0;;;;0;1;1;
Venom Drench;Poison;Status;20;o;100%;One;;0;;;0;;;;0;1;1;
Powder;Bug;Status;20;o;100%;One;;0;;;0;;;;1;1;1;
Geomancy;Fairy;Status;10;o;o;One;;0;;;0;;;;0;1;1;
Magnetic Flux;Electric;Status;20;o;o;One;;0;;;0;;;;0;1;1;
Happy Hour;Normal;Status;30;o;o;One;;0;;;0;;;;0;1;1;
Electric Terrain;Electric;Status;10;o;o;One;;0;;;0;;;;0;1;1;
Dazzling Gleam;Fairy;Special;10;80;100%;One;;0;;;0;;;;0;1;1;
Celebrate;Normal;Status;40;o;o;One;;0;;;0;;;;0;1;1;
Hold Hands;Normal;Status;40;o;o;One;;0;;;0;;;;0;1;1;
Baby-Doll Eyes;Fairy;Status;30;o;100%;One;;0;;;0;;;;1;1;1;
Nuzzle;Electric;Physical;20;20;100%;One;;0;;;0;;;;0;1;1;
Hold Back;Normal;Physical;40;40;100%;One;;0;;;0;;;;0;1;1;
Infestation;Bug;Special;20;20;100%;One;;0;;;0;;;;0;1;1;
Power-Up Punch;Fighting;Physical;20;40;100%;One;;0;;;0;;;;0;1;1;
Oblivion Wing;Flying;Special;10;80;100%;One;;0;;;0;;;;0;1;1;
Thousand Arrows;Ground;Physical;10;90;100%;One;;0;;;0;;;;0;1;1;
Thousand Waves;Ground;Physical;10;90;100%;One;;0;;;0;;;;0;1;1;
Land's Wrath;Ground;Physical;10;90;100%;One;;0;;;0;;;;0;1;1;
Light of Ruin;Fairy;Special;5;140;90%;One;;0;;;0;;;;0;1;1;
Origin Pulse;Water;Special;10;110;85%;One;;0;;;0;;;;0;1;1;
Precipice Blades;Ground;Physical;10;120;85%;One;;0;;;0;;;;0;1;1;
Dragon Ascent;Flying;Physical;5;120;100%;One;;0;;;0;;;;0;1;1;
Hyperspace Fury;Dark;Physical;5;100;o;One;;0;;;0;;;;0;1;1;
